"Freq [MHz]","re(Zt(Rectangle3_T1,Rectangle3_T1)) [] - antw='0.01meter'","re(Zt(Rectangle3_T1,Rectangle3_T1)) [] - antw='0.02meter'","re(Zt(Rectangle3_T1,Rectangle3_T1)) [] - antw='0.03meter'","re(Zt(Rectangle3_T1,Rectangle3_T1)) [] - antw='0.04meter'","re(Zt(Rectangle3_T1,Rectangle3_T1)) [] - antw='0.05meter'","re(Zt(Rectangle3_T1,Rectangle3_T1)) [] - antw='0.06meter'","re(Zt(Rectangle3_T1,Rectangle3_T1)) [] - antw='0.07meter'","re(Zt(Rectangle3_T1,Rectangle3_T1)) [] - antw='0.08meter'","re(Zt(Rectangle3_T1,Rectangle3_T1)) [] - antw='0.09meter'","re(Zt(Rectangle3_T1,Rectangle3_T1)) [] - antw='0.1meter'","re(Zt(Rectangle3_T1,Rectangle3_T1)) [] - antw='0.11meter'","re(Zt(Rectangle3_T1,Rectangle3_T1)) [] - antw='0.12meter'","re(Zt(Rectangle3_T1,Rectangle3_T1)) [] - antw='0.13meter'","re(Zt(Rectangle3_T1,Rectangle3_T1)) [] - antw='0.14meter'","re(Zt(Rectangle3_T1,Rectangle3_T1)) [] - antw='0.15meter'","re(Zt(Rectangle3_T1,Rectangle3_T1)) [] - antw='0.16meter'","re(Zt(Rectangle3_T1,Rectangle3_T1)) [] - antw='0.17meter'","re(Zt(Rectangle3_T1,Rectangle3_T1)) [] - antw='0.18meter'","re(Zt(Rectangle3_T1,Rectangle3_T1)) [] - antw='0.19meter'","re(Zt(Rectangle3_T1,Rectangle3_T1)) [] - antw='0.2meter'","re(Zt(Rectangle3_T1,Rectangle3_T1)) [] - antw='0.21meter'","re(Zt(Rectangle3_T1,Rectangle3_T1)) [] - antw='0.22meter'","re(Zt(Rectangle3_T1,Rectangle3_T1)) [] - antw='0.23meter'","re(Zt(Rectangle3_T1,Rectangle3_T1)) [] - antw='0.24meter'","re(Zt(Rectangle3_T1,Rectangle3_T1)) [] - antw='0.25meter'","re(Zt(Rectangle3_T1,Rectangle3_T1)) [] - antw='0.26meter'","re(Zt(Rectangle3_T1,Rectangle3_T1)) [] - antw='0.27meter'","re(Zt(Rectangle3_T1,Rectangle3_T1)) [] - antw='0.28meter'","re(Zt(Rectangle3_T1,Rectangle3_T1)) [] - antw='0.29meter'","re(Zt(Rectangle3_T1,Rectangle3_T1)) [] - antw='0.3meter'","re(Zt(Rectangle3_T1,Rectangle3_T1)) [] - antw='0.31meter'","re(Zt(Rectangle3_T1,Rectangle3_T1)) [] - antw='0.32meter'","re(Zt(Rectangle3_T1,Rectangle3_T1)) [] - antw='0.33meter'","re(Zt(Rectangle3_T1,Rectangle3_T1)) [] - antw='0.34meter'","re(Zt(Rectangle3_T1,Rectangle3_T1)) [] - antw='0.35meter'","re(Zt(Rectangle3_T1,Rectangle3_T1)) [] - antw='0.36meter'","re(Zt(Rectangle3_T1,Rectangle3_T1)) [] - antw='0.37meter'","re(Zt(Rectangle3_T1,Rectangle3_T1)) [] - antw='0.38meter'","re(Zt(Rectangle3_T1,Rectangle3_T1)) [] - antw='0.39meter'","re(Zt(Rectangle3_T1,Rectangle3_T1)) [] - antw='0.4meter'","re(Zt(Rectangle3_T1,Rectangle3_T1)) [] - antw='0.41meter'","re(Zt(Rectangle3_T1,Rectangle3_T1)) [] - antw='0.42meter'","re(Zt(Rectangle3_T1,Rectangle3_T1)) [] - antw='0.43meter'","re(Zt(Rectangle3_T1,Rectangle3_T1)) [] - antw='0.44meter'","re(Zt(Rectangle3_T1,Rectangle3_T1)) [] - antw='0.45meter'","re(Zt(Rectangle3_T1,Rectangle3_T1)) [] - antw='0.46meter'","re(Zt(Rectangle3_T1,Rectangle3_T1)) [] - antw='0.47meter'","re(Zt(Rectangle3_T1,Rectangle3_T1)) [] - antw='0.48meter'","re(Zt(Rectangle3_T1,Rectangle3_T1)) [] - antw='0.49meter'","re(Zt(Rectangle3_T1,Rectangle3_T1)) [] - antw='0.5meter'","im(Zt(Rectangle3_T1,Rectangle3_T1)) [] - antw='0.01meter'","im(Zt(Rectangle3_T1,Rectangle3_T1)) [] - antw='0.02meter'","im(Zt(Rectangle3_T1,Rectangle3_T1)) [] - antw='0.03meter'","im(Zt(Rectangle3_T1,Rectangle3_T1)) [] - antw='0.04meter'","im(Zt(Rectangle3_T1,Rectangle3_T1)) [] - antw='0.05meter'","im(Zt(Rectangle3_T1,Rectangle3_T1)) [] - antw='0.06meter'","im(Zt(Rectangle3_T1,Rectangle3_T1)) [] - antw='0.07meter'","im(Zt(Rectangle3_T1,Rectangle3_T1)) [] - antw='0.08meter'","im(Zt(Rectangle3_T1,Rectangle3_T1)) [] - antw='0.09meter'","im(Zt(Rectangle3_T1,Rectangle3_T1)) [] - antw='0.1meter'","im(Zt(Rectangle3_T1,Rectangle3_T1)) [] - antw='0.11meter'","im(Zt(Rectangle3_T1,Rectangle3_T1)) [] - antw='0.12meter'","im(Zt(Rectangle3_T1,Rectangle3_T1)) [] - antw='0.13meter'","im(Zt(Rectangle3_T1,Rectangle3_T1)) [] - antw='0.14meter'","im(Zt(Rectangle3_T1,Rectangle3_T1)) [] - antw='0.15meter'","im(Zt(Rectangle3_T1,Rectangle3_T1)) [] - antw='0.16meter'","im(Zt(Rectangle3_T1,Rectangle3_T1)) [] - antw='0.17meter'","im(Zt(Rectangle3_T1,Rectangle3_T1)) [] - antw='0.18meter'","im(Zt(Rectangle3_T1,Rectangle3_T1)) [] - antw='0.19meter'","im(Zt(Rectangle3_T1,Rectangle3_T1)) [] - antw='0.2meter'","im(Zt(Rectangle3_T1,Rectangle3_T1)) [] - antw='0.21meter'","im(Zt(Rectangle3_T1,Rectangle3_T1)) [] - antw='0.22meter'","im(Zt(Rectangle3_T1,Rectangle3_T1)) [] - antw='0.23meter'","im(Zt(Rectangle3_T1,Rectangle3_T1)) [] - antw='0.24meter'","im(Zt(Rectangle3_T1,Rectangle3_T1)) [] - antw='0.25meter'","im(Zt(Rectangle3_T1,Rectangle3_T1)) [] - antw='0.26meter'","im(Zt(Rectangle3_T1,Rectangle3_T1)) [] - antw='0.27meter'","im(Zt(Rectangle3_T1,Rectangle3_T1)) [] - antw='0.28meter'","im(Zt(Rectangle3_T1,Rectangle3_T1)) [] - antw='0.29meter'","im(Zt(Rectangle3_T1,Rectangle3_T1)) [] - antw='0.3meter'","im(Zt(Rectangle3_T1,Rectangle3_T1)) [] - antw='0.31meter'","im(Zt(Rectangle3_T1,Rectangle3_T1)) [] - antw='0.32meter'","im(Zt(Rectangle3_T1,Rectangle3_T1)) [] - antw='0.33meter'","im(Zt(Rectangle3_T1,Rectangle3_T1)) [] - antw='0.34meter'","im(Zt(Rectangle3_T1,Rectangle3_T1)) [] - antw='0.35meter'","im(Zt(Rectangle3_T1,Rectangle3_T1)) [] - antw='0.36meter'","im(Zt(Rectangle3_T1,Rectangle3_T1)) [] - antw='0.37meter'","im(Zt(Rectangle3_T1,Rectangle3_T1)) [] - antw='0.38meter'","im(Zt(Rectangle3_T1,Rectangle3_T1)) [] - antw='0.39meter'","im(Zt(Rectangle3_T1,Rectangle3_T1)) [] - antw='0.4meter'","im(Zt(Rectangle3_T1,Rectangle3_T1)) [] - antw='0.41meter'","im(Zt(Rectangle3_T1,Rectangle3_T1)) [] - antw='0.42meter'","im(Zt(Rectangle3_T1,Rectangle3_T1)) [] - antw='0.43meter'","im(Zt(Rectangle3_T1,Rectangle3_T1)) [] - antw='0.44meter'","im(Zt(Rectangle3_T1,Rectangle3_T1)) [] - antw='0.45meter'","im(Zt(Rectangle3_T1,Rectangle3_T1)) [] - antw='0.46meter'","im(Zt(Rectangle3_T1,Rectangle3_T1)) [] - antw='0.47meter'","im(Zt(Rectangle3_T1,Rectangle3_T1)) [] - antw='0.48meter'","im(Zt(Rectangle3_T1,Rectangle3_T1)) [] - antw='0.49meter'","im(Zt(Rectangle3_T1,Rectangle3_T1)) [] - antw='0.5meter'"
100,0.724912630569441,0.778617326607351,0.848090872773029,0.884231997406016,0.91344129964958,1.12911732597543,0.7678770167021,0.793667354929041,0.782284790582948,0.829721068646624,0.761533817474992,0.765455718705363,0.639383932560347,0.769335415328906,0.7781575881407,0.744622795266579,0.653456694345232,0.677573761636178,0.8273788574302,0.816694603867238,0.697792815210949,0.826542536091737,0.678247735541653,0.827630992070744,0.772755735298978,0.651337587539785,0.639300754171577,0.649368736504686,0.639674737264462,0.636146709902123,0.58705029513643,0.860182339033892,0.627875804723406,0.630136540836712,0.600452063555467,0.610868702841783,0.629973308768513,0.616704841036616,0.614866225169761,0.604563668257986,0.641426154073558,0.597547765160414,0.574362752115201,0.5091570163991,0.606254352938225,0.651039346931986,0.589347499345372,0.585214515065789,0.521537303667778,0.567328969390969,-420.341638405554,-326.676570660306,-268.519794872227,-229.485328733926,-197.828287233707,-175.519535470515,-156.783092223349,-141.844338472252,-129.027318509908,-117.973529394712,-108.703532312067,-100.88326935268,-93.9142969004776,-87.5878264334528,-82.0732082597801,-77.5101962910753,-72.8381636247469,-68.8950120645176,-65.4256110773255,-61.9777344890551,-59.3361643452629,-56.9215223492255,-54.3255719219879,-52.136918926558,-50.1547088615367,-48.4419427520335,-46.7966780372183,-45.3537427608863,-44.0557715284463,-42.7068791890236,-41.4273231632942,-40.4721406996522,-39.0582556122751,-37.6336104637204,-36.9096829041523,-35.851779794846,-34.8323490748825,-33.8740810480706,-33.0581655204496,-32.3040469629954,-31.3441336436186,-30.474352763619,-29.7958589572315,-29.0936222161659,-28.2770043794908,-27.7803046653612,-26.9723804490094,-26.3046945696625,-25.6925995103345,-25.3264549924935
110,0.878756881305337,0.896870618308292,1.0342841265914,1.0558261748432,1.06567280055688,1.1901525310324,0.995326902754961,1.00639166471761,0.993986527074858,1.23040954400463,0.974865790418864,0.971887043484802,0.90098055024303,0.974303620462882,0.987488518211668,0.963222108523903,0.928520874600182,0.92121734705773,1.01885312010036,1.00312465953823,0.925941413230875,1.01546421656361,0.915720825113485,0.968971071916192,0.950319941948925,0.892081129679456,0.87106865909894,0.875995029848189,0.862842942527707,0.856888678380472,0.833944434763952,0.986821282059561,0.841897583364591,0.808409156653475,0.818168646126554,0.822205410691843,0.828756491615977,0.814692740174744,0.815255417678349,0.794440500654584,0.859672148079743,0.787248370697586,0.768932375021621,0.733585959414251,0.78338088867706,0.802186272971792,0.799623117940451,0.773764342853356,0.719906599697615,0.746977086258153,-363.151352829985,-281.034001591778,-229.860344574522,-195.598768962474,-167.621311753918,-148.25287372316,-131.854913452073,-118.768217925327,-107.533759597605,-97.790148019604,-89.8059348210744,-83.012720418384,-76.9362995855003,-71.4643898197112,-66.7201548659373,-62.7458202001246,-58.7449490534081,-55.3058433050828,-52.3175235201855,-49.3433756576819,-47.1032002066002,-45.0359788273365,-42.8512223766497,-40.9843310137094,-39.3593471807929,-37.9608437756818,-36.6278339473101,-35.4834197891299,-34.4513983858722,-33.3971088048419,-32.3915104623688,-31.5491150813029,-30.4669644961378,-29.4759283416802,-28.7502301923448,-27.8629862757609,-27.0258380800804,-26.251296828984,-25.5747624058072,-24.9459290537989,-24.1487709222688,-23.4320678360234,-22.8734652598483,-22.3288187796586,-21.6151657400503,-21.2076348076578,-20.572437514616,-19.9911145675096,-19.4836753495668,-19.1869064157716
120,1.1384721475386,1.12532622418296,1.28579098730542,1.29977953641592,1.32808385756885,1.36176923906372,1.27538644032332,1.27540268860944,1.26739160667361,1.54341107517488,1.25658620138604,1.24965638162074,1.20811756165381,1.25111466774936,1.26210771406537,1.24212602634439,1.23810309048181,1.21726417443577,1.28165011414638,1.26262638418493,1.21228911420855,1.27548908317471,1.20880596665799,1.22005765221203,1.21153440928624,1.18224002558504,1.15943491434023,1.15924694814924,1.14445449700741,1.1340079199528,1.1131074102703,1.20472229220912,1.11316470624212,1.07938532012553,1.0904639755353,1.09310834713027,1.08990302422652,1.07641318174112,1.07600061238802,1.0506377211255,1.11855144920729,1.04456160383235,1.02881582435731,1.00837448782177,1.0333320928659,1.03154695384234,1.05079465100178,1.02448238981961,0.979479704988478,0.996200342061353,-313.512468478723,-241.229220634795,-196.062797577158,-165.888150617154,-141.174382714525,-124.200209860499,-109.80890033532,-98.307969768462,-88.447210146911,-79.889417596205,-72.942226018081,-67.0300403138751,-61.7176295757233,-56.9819538154051,-52.8919839608421,-49.4296929259443,-45.9982705651248,-43.0017027473638,-40.4348130447856,-37.8651040761972,-35.9829141596203,-34.2137603516503,-32.3947569648524,-30.8200743605499,-29.5076488637258,-28.3924351076373,-27.3335579492008,-26.4586823251996,-25.6726863371619,-24.8800380954586,-24.1076228550973,-23.4051324049895,-22.602199109809,-21.8750742852318,-21.276197303363,-20.5511197899801,-19.8747471856148,-19.2588110910084,-18.7167672791139,-18.1983372687149,-17.5472323936516,-16.9630539237044,-16.515376517211,-16.1031658666344,-15.4825876331675,-15.1563118535145,-14.6464394249203,-14.1593284403784,-13.7491285870007,-13.5266015759343
130,1.47888963843953,1.45023636534775,1.6003118421036,1.61209435028663,1.65999130775451,1.63440396701972,1.61297206746175,1.60741381532068,1.60496045651241,1.8444645721635,1.60625796568848,1.59895413345071,1.57308163209852,1.6018189731964,1.60915241872345,1.59238745024105,1.60219945139608,1.58058278860509,1.62370379195772,1.60474920694475,1.57076245408187,1.61632602646128,1.57160012290512,1.57030279333198,1.55995765278164,1.54106064573673,1.51960182833403,1.51433218901269,1.49830646365924,1.48296015332691,1.45214228846955,1.51700385621383,1.4564111669221,1.4452947682009,1.43241179223236,1.4359543058889,1.42579288556253,1.41312110562689,1.41022280351032,1.3840043315366,1.44018195665025,1.37878897400575,1.36373011463157,1.34962328344958,1.36389306906797,1.34775944863937,1.36989886819443,1.35086788925418,1.31450570433835,1.3242042047723,-269.563380144828,-205.797381147432,-165.88727691955,-139.271710616076,-117.468330437844,-102.502197541195,-89.8575670380277,-79.7386895136556,-71.0859232627094,-63.595802932897,-57.5153831552237,-52.3724667359226,-47.7270054031579,-43.6334223428877,-40.1076447227533,-37.1010094606625,-34.1578324189264,-31.5575170513292,-29.3651253132704,-27.145887887852,-25.5888147868169,-24.0805870096922,-22.5929446067233,-21.288149379103,-20.2552709482587,-19.4009125780582,-18.5910646777128,-17.9660494870904,-17.4140891694372,-16.8603100030412,-16.2917269653414,-15.7547321145675,-15.1907395330804,-14.6570998534265,-14.2273290373695,-13.6563564945584,-13.1256403490334,-12.6525588679028,-12.2402121710502,-11.8264237549361,-11.3063884881349,-10.8382854764353,-10.4948417049586,-10.1999455705233,-9.66351466944793,-9.41679431781315,-8.99623702318122,-8.60719710885614,-8.28890464199149,-8.14657668622377
140,1.88888725853757,1.86563447939813,1.98300100811124,1.99699785733692,2.0527529411455,2.00774799142245,2.01963088388997,2.01507507884754,2.01850126694816,2.18896443149228,2.03366234525365,2.0297609993808,2.01392926757693,2.03805542760701,2.04369195959369,2.03159362419563,2.04569594084128,2.0321495037451,2.06177919143954,2.04758109812187,2.02280384445389,2.05647550279709,2.02635981113808,2.0257894938631,2.01089935122624,1.99411125159013,1.97482070612461,1.96447465491581,1.94655742694654,1.92686748805426,1.88336145944433,1.93817320925031,1.89420248254117,1.9058966668536,1.86690321500113,1.87166943198074,1.8573726338563,1.84513315987618,1.8393650950828,1.81452572562357,1.85273611353896,1.80992710113582,1.79418000156962,1.78140991307177,1.79383022347926,1.7697385458107,1.78773485693879,1.7761687081286,1.74845777529371,1.75066447137129,-229.948646784236,-173.66999156093,-138.422294215936,-114.950281886475,-95.7471875409897,-82.5170929233369,-71.4096059851848,-62.5132333890439,-54.9330477039663,-48.3984141829203,-43.0652849788689,-38.6037145695411,-34.5501722008613,-31.020495035697,-27.9874099334191,-25.3940679603363,-22.8725339739789,-20.6313569482863,-18.7742977398284,-16.8616457544554,-15.6042521260902,-14.3291023347753,-13.1452854447529,-12.0916269573232,-11.3145629777609,-10.7056851599384,-10.1298252350562,-9.74249042674555,-9.41904029776826,-9.08998226986082,-8.70647065370875,-8.35699155523982,-8.00219497004638,-7.64134304660987,-7.38395896291031,-6.959583790971,-6.56403367840592,-6.22473589801106,-5.93867729086117,-5.63005429356608,-5.2265905757774,-4.86130131422832,-4.61782360870866,-4.43329000879332,-3.97087686450734,-3.80848863432635,-3.44991139174186,-3.15836313796144,-2.92830490744232,-2.87265037307505
150,2.36904782289337,2.3719009108111,2.4464234087837,2.46676884790212,2.51937240699509,2.48992345602117,2.51456410602204,2.51818649342376,2.52899003872199,2.62574912282938,2.55984591875227,2.56328034322706,2.55742209748651,2.58312612524624,2.5913799432467,2.58694754944013,2.60254866700062,2.60293183274121,2.62488369605324,2.62147804369557,2.60168586218251,2.62692042725738,2.60826378496574,2.61202526479384,2.59547146303818,2.57895484825117,2.56156648601269,2.54607735670235,2.5247541139006,2.50157295395947,2.44953166021428,2.49789821361223,2.46195043994142,2.47838578461178,2.42959216448907,2.43482542042034,2.41934727201801,2.40680919936665,2.39845087357425,2.37610195361853,2.39658070762778,2.37338893013034,2.35601696361251,2.34125510307046,2.35807706574165,2.33130970297136,2.34598864362722,2.3390300340164,2.31986658307203,2.31121841910438,-193.644649804849,-144.036965931154,-112.968344126572,-92.3058152338164,-75.424055868977,-63.7392562308035,-53.9958029621333,-46.1933704160615,-39.5718227766171,-33.8851797780386,-29.2120570404906,-25.3600723589479,-21.8379332038266,-18.8041257307634,-16.2051428192037,-13.9915022583251,-11.8355968260522,-9.92009246791257,-8.3631707406092,-6.71847293764673,-5.74113721026099,-4.67883791924519,-3.77415669529885,-2.95378095383103,-2.41637379765642,-2.04398526766246,-1.69472803704379,-1.5395402569444,-1.44509949407878,-1.33463068230335,-1.12825612659834,-0.982876758087339,-0.817329869468754,-0.627556716743315,-0.53723483175535,-0.252242873698106,0.0150671394269139,0.224635009016274,0.385254310623651,0.583822331474572,0.885506375790664,1.15889556431539,1.30391599040783,1.37754032385902,1.77976447112405,1.84594653473096,2.16447356409341,2.36310130852902,2.50734918759554,2.46954911806795
160,2.93141742434027,2.97616709093702,3.01179410810068,3.04301249400055,3.09005143435613,3.09873611373298,3.12700227710962,3.1463028335491,3.16847770765481,3.20677228805777,3.22037857505002,3.23572792025769,3.24399304747665,3.2768158858315,3.29386728277581,3.30120804871686,3.32245394363822,3.34101280440404,3.36151594960906,3.37705808961153,3.36081845752715,3.38000892966437,3.3746435139154,3.38269714817467,3.37007123361919,3.35543696403629,3.33975429415125,3.31894233839243,3.29188838196587,3.26564092065225,3.21384010666535,3.2503573732073,3.2179453667741,3.21487514490444,3.17860518700599,3.18379104064028,3.17047359720265,3.15688487636403,3.14638167414902,3.12668258810001,3.13550127209817,3.13069767158593,3.11102173129853,3.09089980125221,3.11929329518602,3.09189942431821,3.1103646257942,3.10573552482426,3.09470892001584,3.06980441398374,-159.848445423136,-116.257755156002,-88.9621445962046,-70.8347240325175,-56.0185231170829,-45.7440582602958,-37.2184359359717,-30.4018141741775,-24.6396149611171,-19.6962410450986,-15.6146760820441,-12.3102851104858,-9.2664399769307,-6.66593747527141,-4.45015433815813,-2.58589373279674,-0.746691676703947,0.879072231195525,2.17057171584294,3.58666256616964,4.29806094212362,5.16028361172578,5.81345896689743,6.41968037142591,6.72760871019842,6.86632733036975,6.99115732634104,6.91310860411258,6.77126221123856,6.66107093387712,6.68655470241317,6.61791862633986,6.60448775329753,6.62190065175434,6.54122841158175,6.69431584698008,6.83746954672826,6.91736627542731,6.94930588842771,7.03015227832142,7.2459232920192,7.43695756952909,7.48156739392853,7.43579469948359,7.79897484419051,7.74921204593147,8.0489511567632,8.16197137206541,8.22214317898716,8.08599907163733
170,3.60102578761559,3.69479757307429,3.71174307153184,3.75964986739211,3.81184496232013,3.86544240846321,3.90066672101398,3.94363904890653,3.98483578131964,3.99653912600279,4.07200975404724,4.10588783768585,4.1367055388886,4.18493194198843,4.21938163267698,4.24433838047737,4.28319158794106,4.32569471563932,4.35466324661064,4.40215001630616,4.39080216821183,4.41351124233049,4.42421249553996,4.43982093477475,4.43725976882234,4.42701162050281,4.4145939478025,4.3881777689817,4.35191641430885,4.3217935613158,4.280746922324,4.29536447578915,4.26496446447238,4.22744985933001,4.21522150925693,4.22246840823776,4.21565840260869,4.20086658345155,4.18797870926284,4.17044110402856,4.18035622688704,4.19351595479443,4.17075741688362,4.13962989967994,4.1939050925618,4.1611582071187,4.19909325504808,4.19828213967365,4.19482744104366,4.14360806451325,-127.90257658492,-89.7996742845689,-65.9230576106489,-50.0997729792062,-37.1107793275125,-28.1458088068507,-20.7115213029783,-14.783066201516,-9.78910422896727,-5.48467561288381,-1.93375183308658,0.881711777962337,3.5011398192207,5.730490937041,7.61262762020262,9.16159201278407,10.7311655484793,12.1135353622914,13.1783119602126,14.4155510998049,14.8686501474765,15.5367970705377,15.9771816808055,16.3920878732966,16.4769728422948,16.3787000733228,16.2792451558001,15.9592754113337,15.5643319510148,15.2220906399313,15.0503361778237,14.7638373877156,14.5718361983147,14.4160302489129,14.1423982333807,14.1724705287781,14.1933966542747,14.1401878042352,14.0336103478163,13.9878196654606,14.1364714585159,14.2548116177662,14.1921094074963,14.0084584883852,14.3676908332907,14.1737684548907,14.4829769736266,14.5190403721678,14.4972276870488,14.2324091324306
180,4.41939297135494,4.55908037582625,4.59539358560216,4.66854115755853,4.75219916210995,4.84261176356157,4.90205018707288,4.97841205959004,5.05166071889413,5.08527730730815,5.20591244768739,5.27015939145796,5.33880501838902,5.41874836350631,5.48464718328361,5.5379902198553,5.61664497460507,5.6982093068152,5.75520102841567,5.86066415684783,5.8583174421013,5.91777504417734,5.94190627948478,5.98172195692484,5.99570171456258,5.99149435020134,5.98921534430116,5.9570468025961,5.90536549288986,5.86851676678682,5.84676050599675,5.8297602341224,5.80244931926292,5.7404587601658,5.7334380312108,5.75256630000587,5.75935509035716,5.74518636931957,5.72716642433224,5.71151795219681,5.74652200939087,5.78332676792381,5.75575578406899,5.70139768019139,5.81745423013473,5.76181813464063,5.8547492757284,5.86739516830518,5.87227477724346,5.78071052445721,-97.2398814019094,-64.1898874030112,-43.4101727170104,-29.6899754704755,-18.3023342807085,-10.5592923385765,-4.10217364562858,1.03681690023667,5.35373870549603,9.12629663492898,12.2130019956297,14.6033194182454,16.8642844801798,18.7927243422717,20.3996976352729,21.6816104268211,23.0393112599146,24.2467434236196,25.1361805540691,26.2740505782346,26.4678454742211,26.9670466693274,27.2362871859531,27.4916810950978,27.360646364597,27.0161556627241,26.6955561385289,26.114699383416,25.4331137786059,24.8353259171563,24.4375017777958,23.9299243417678,23.5497381256931,23.2106841520509,22.7011700224853,22.6215997051356,22.5212622066349,22.3277553333475,22.0613169369165,21.8797843050554,21.9892355514665,22.0478525005415,21.8625485876227,21.5066664503922,21.926508100674,21.5516021973313,21.9194188059622,21.8898692293608,21.7909235795483,21.3704873743769
190,5.45081774108017,5.62670645329273,5.73748005344711,5.8498178177553,6.00794092671517,6.11982230619085,6.23654440957416,6.36171546579925,6.48941523582065,6.61307566895928,6.77597751775349,6.89511442385861,7.03203870498646,7.17890119165401,7.30571597267227,7.41297094533133,7.57245684533479,7.73787359942997,7.86693463313489,8.09499989161544,8.10935685258291,8.24374481285815,8.3217507077725,8.43562621286961,8.4805929269654,8.48530085502093,8.5149605740093,8.47818101977574,8.3957981499852,8.34693154246058,8.34769176141145,8.29365047868649,8.27538710760647,8.23138867174835,8.16045354222422,8.22282394503571,8.25888680008024,8.25245226757286,8.21924408792956,8.2072345630188,8.32111398042791,8.40763611752812,8.36971773421905,8.26087988471924,8.54096371308171,8.42049103890684,8.66311516511401,8.72257140574853,8.74544132634358,8.56301654400595,-67.3375310953992,-38.970482108189,-20.9810284694083,-9.17952113442201,0.826304866007317,7.44450109871551,13.0383757758269,17.5040316302321,21.2493984425465,24.6058929568545,27.3223867533545,29.3713185795866,31.3705155298043,33.09683149875,34.5173908864471,35.6119893121918,36.8624403201749,38.0055751627989,38.8074929325576,40.0015910494967,39.9243523525835,40.3437087401314,40.4867943865237,40.6423333435185,40.3143608313154,39.7098436050819,39.1836452565126,38.3059646900451,37.26772371792,36.3716551000511,35.7096165711918,34.9599996852883,34.3724258045003,33.8055103575784,32.9905495252172,32.8298836599305,32.6115540356752,32.2644213396134,31.7933420961299,31.4639615969914,31.5934933478581,31.6188171409543,31.2776297162766,30.6801984093035,31.3011186584738,30.6988967173537,31.2260027206718,31.1614297916976,30.9993617554991,30.3086508871586
200,6.79308420341032,7.00434485080009,7.25520655712323,7.4315345281192,7.72480628434156,7.85584672709553,8.08253332070966,8.28916136327665,8.51472645994832,8.82400999792328,9.06755173266137,9.29847253821036,9.57373211521702,9.87191005948264,10.1374349341108,10.3683764967802,10.7076057869449,11.0905738271693,11.4125830486056,11.9614443876945,12.0122834837002,12.3064468098158,12.5950962102826,12.929838201536,13.0743789617126,13.1153195211929,13.2481294952857,13.2151310770434,13.0475810491796,12.9808927821542,13.0088508395879,12.9069593795546,12.9232840888095,12.9404520612539,12.6687757168079,12.8825672713971,12.9973182722796,13.0202409070594,12.9356324863006,12.929556640829,13.2985087431113,13.54303321133,13.4700923412014,13.1971099156662,14.0144624294413,13.7268459306651,14.4438995973109,14.7094796755327,14.8127758785607,14.2771727898279,-37.6708794578932,-13.64450317924,1.85812741285231,11.9255946829851,20.7756526783794,26.4030947547931,31.2746272156146,35.2275889056978,38.5515833620622,41.6352515311347,44.1530730098619,45.998991367145,47.9024624045039,49.6145739947958,51.023144530677,52.0767562090869,53.4863070807683,54.7660062258562,55.6869995651053,57.3103664836536,56.9441497442984,57.4874036836767,57.6500744262158,57.8804159412576,57.4229723941857,56.5455437742732,55.8644346988485,54.6178630722686,53.0502521853118,51.77162744821,50.8072128751967,49.7190273724877,48.8973454902446,47.9854125785514,46.7098642028181,46.5589148410214,46.2396646099971,45.7082718574679,44.9243333190199,44.4053608873173,44.7344373295865,44.8110179740733,44.2264127027322,43.202774214941,44.4228784970014,43.5171677641967,44.451515443265,44.4913881541888,44.3082471205853,42.956233535212
210,8.59572332266167,8.89137620469351,9.34122845525713,9.62955605143741,10.142534410987,10.3489626877607,10.7721187943762,11.1440709781371,11.5714265575963,12.2148437630119,12.6990861710706,13.1961698835155,13.8027098575677,14.5043317207658,15.1658235971664,15.7434119491083,16.6398141084547,17.699298450028,18.6925513656723,20.4136003195159,20.6024546579859,21.5487399609549,22.6640739327204,23.89621630741,24.5994312902661,24.917135604945,25.4904725145657,25.5255401419497,24.946660891009,24.8771488260609,25.0395068356176,24.7375475447301,24.9422566227653,24.8545923403608,24.0363963873374,25.0036032061086,25.4524753434865,25.5761842434275,25.220094947516,25.1289482172543,26.7959803249578,27.8976670053499,27.5786831810275,26.3979520631608,30.1382234795978,29.1646556903827,32.3172635665275,34.1950528931033,34.9089436261249,31.6720187221314,-7.65516733079551,12.4078424036075,25.7267877035593,34.2735274327323,42.2383567413175,47.0819086263014,51.4660097668365,55.1610941375157,58.334736846679,61.3978065143302,64.1006502010173,66.0418131802997,68.2004648845447,70.3858305832932,72.2297246916429,73.5661658445873,75.9762556498084,77.8982445708768,79.6343370698958,82.9009186223744,82.259446419567,83.6357704703188,84.3746974698428,85.4984006732018,85.2081515395691,84.0689231187313,83.4146031604342,81.6115230064481,78.9099301053077,77.0231070684182,75.7242508294304,73.8962781596507,72.8082744833322,71.4234912836984,68.9163285359598,69.2049531741581,68.8609596710852,68.0261348408125,66.5402228095696,65.5669146203735,66.8276878278999,67.3478590077494,66.1623039373992,63.9438362283652,67.3455373104277,65.7699619604623,67.9230075908137,68.700406007016,68.5540669913637,65.0000906992172
220,11.0918611593329,11.6583334968273,12.3334691895431,12.8362394085168,13.7172072997169,14.212724615272,15.0141324032447,15.7957351210798,16.7472501374326,18.076612176135,19.4048600767584,20.7309531302583,22.4206335693265,24.6550722160164,26.9546265145511,28.9954241522815,32.9551237361554,37.6010381022158,43.2067023217817,54.6553059348609,55.9145134470721,64.3198769239749,73.8043727440464,87.8830267662371,97.5324508010055,102.581182782636,109.919392370981,111.371811241092,102.795194643544,103.329226156478,106.169332336114,101.431801879824,104.427122545023,104.059740073911,91.4626726193975,105.220522866981,109.721813011806,109.808175302427,103.078498663688,98.7429778520589,120.934505471081,135.673756828402,127.866537694081,108.692928464853,157.613143480966,140.604716997312,171.484017678234,178.454725172717,175.492824381733,157.427506254461,23.4462467238757,40.0879688224437,51.5029199375279,58.8307158354866,66.3660383944281,70.7659497693314,75.1441685009812,79.0261666489067,82.6602258922302,86.5151893568804,90.4055570894816,93.334211647625,96.8907039353558,101.235536721869,105.170517719668,108.047700728947,114.687551318539,120.158776197427,126.495168608597,138.60358553492,137.645422552361,144.273655424333,148.96882077212,156.80960347042,157.565035834992,154.957781307502,154.116064944228,149.776612247688,142.763079931744,138.361342163374,135.197525460164,130.783389399845,128.059022696778,128.199299166138,118.323522032299,118.366984167345,116.414115930193,113.64029452064,110.181514741913,107.49896644598,104.648089526116,98.9371595669716,97.8654359973399,98.0751905648669,77.1698976246054,84.3142870210126,50.8566594127773,22.7778937896947,12.1781726865487,52.2340025221906
230,14.6198532952072,15.9406080270629,16.6789952224617,17.8503540745641,19.5654866701322,21.0102336100884,22.7287731793406,24.7736605429256,27.6115623173555,31.785390446686,37.2694434165737,43.4892642664111,53.4333580076992,70.5328472722388,94.1839769072705,123.018766680008,206.643917619929,367.33776810018,395.212557641283,129.923762903423,135.66447658564,74.5557801792442,47.5091227637467,28.8047412034572,19.9622736556367,19.4368086684317,16.1454625485487,15.0770722877839,17.8310939924756,16.3019314372224,14.0785390403283,15.9408869428809,14.4488111692274,14.4709466904812,21.0292299862116,13.6368927175589,12.3524084031908,12.6750534310123,15.7634194187252,18.7219756036418,9.97069246967602,7.91889455206586,10.3592070364775,17.5673830535985,6.07432021905022,15.7785289651983,9.69816082535932,6.42634822122188,6.36570913866337,20.5837525071276,57.2857739884808,70.9034544647936,81.3078019264587,87.3844100496227,95.6690672340588,100.340148500547,105.964074754998,111.318197856351,117.437165770273,125.810931309378,134.831182572385,143.457900238018,155.786404890005,173.167182763245,191.567592134362,206.75503794055,225.686717562711,159.786824166728,-87.8787344143518,-181.792044977018,-179.503144528869,-142.52922745524,-115.560912387606,-89.22393444662,-78.6641987109143,-69.3661065696992,-62.320540812452,-58.7338715864699,-63.2588966503678,-58.7687098480719,-53.7669307631418,-56.6769434801815,-53.3103435267716,-52.2181793748734,-63.0532703910525,-48.7420436586317,-46.5965819794948,-46.3709147410217,-51.8477381262391,-56.4154379957196,-39.6582133693692,-35.0246638932531,-39.5564038893827,-52.3593620939076,-27.7282468654221,-47.8582433763656,-15.2690441121731,-28.2185158177373,-26.6943846846208,-41.8138632097632
240,20.0152117480799,22.5772951600818,25.0975745673064,27.1940916216647,32.9446881194145,38.0740642323005,45.9072333466007,57.8840949903511,84.9590147619746,181.764153282568,436.147903212266,340.051841638144,85.6407476330697,19.5363109704908,8.51001266613281,4.33919113176448,1.71891001680448,1.26076689292342,1.79921609963188,3.71768586634163,1.35809477942772,1.57868888808798,1.67794088291057,2.01234410172125,2.25010594736295,1.99178207408996,2.29651006948262,2.25554014159124,2.20120752292948,2.33190812106082,2.83579552912314,3.04852233365188,3.38647733662764,4.77972198441513,3.83507734547991,6.91458436334488,16.3839520382651,33.3528070556107,46.1676405334813,138.371552875234,8.3883821488951,2.63348049653603,1.6152906843313,1.08803368754671,0.894156942083517,0.660287885927635,0.770152848967109,0.874935120047982,0.821185132122938,0.558681530085468,94.6096802638276,107.402397307332,118.277661555004,125.744440521201,140.549418243252,149.062911903402,163.360317988611,180.427047593864,209.866954925217,266.874288316216,157.111905234899,-230.97221467244,-163.506514662467,-72.2624389210608,-41.2464553013866,-25.8015107625195,-2.36133100548727,11.4047290908472,21.8352020263376,36.5383493489365,28.7446911271662,31.940071036656,32.985681144438,35.2212509068466,36.49190054143,35.9000237818129,35.975291538384,36.1821115192665,34.4453675993046,35.6283470480796,37.8477010773007,37.3614699876717,38.8814239796385,41.7149065461505,39.2505926069329,52.029602810376,68.219127019737,76.8502210084843,90.8270638877924,91.7167658659146,-28.3680586747191,-5.75552381800368,-0.810258544376587,-0.34590548462793,9.82291072809689,9.30383842822171,14.4081502898093,16.0426717834971,16.5313487979018,13.6642727627244
250,32.7916501550912,33.8603945549709,137.541615885776,87.8665590551258,41.797527195123,48.8167314102677,15.4306595328498,7.96005041770905,5.40547131511673,12.1822678474341,16.5347571969721,9.59399237837849,15.4289891130907,12.5438156047393,11.7687669627342,9.71762894894118,11.0320631090705,15.8450179671777,14.3871921711525,25.6551458675423,12.3377734151578,14.2981471224418,11.8994604485819,13.0615504703493,12.6943573674138,12.9673803424453,16.1106848115785,14.9067131851469,14.9782664155892,19.142654629777,29.3333725169231,72.4712883854314,215.973011389822,-2.79843273026475,16.6016346311572,10.7708636418899,11.7752077786921,5.49378146567831,17.2044479133573,12.2953786350074,9.86531310296076,28.5934881909115,9.19464524387217,4.79527579865288,10.5230517394472,4.55604713438379,8.7298643670091,5.50560689768169,6.2602209394882,7.43888118005858,146.810539006405,152.839551930304,149.70918689827,227.842816252409,-17.9471334834483,-63.986624382475,-31.1352927135861,-13.0716803127183,42.9331874953612,74.4121020507386,87.9860522579266,80.3695968123846,83.6162231668439,89.4462992333629,89.1152833993415,84.5912273100467,88.1364817326014,91.4216078514285,93.76718323703,109.782985598589,90.0539905481441,90.8606287118608,87.0137005123842,87.8790141149897,83.869963149868,84.711537635345,85.1479954526398,84.1368349474234,85.560980600132,87.3345926682972,95.7824291127787,131.335267959986,28.3439952285465,79.0610952989087,-9.66309246388571,26.9049410718574,39.5964654958223,45.9892165732376,37.3311711443229,43.8525181098897,69.9935101772745,-30.8878022749778,44.7505354036496,46.5617291136505,46.546488806241,37.7200519263416,47.1572309248924,41.5256094221507,41.6186816484225,55.406273715028
260,58.5192277533577,209.56060455817,72.7605578258008,214.219569486391,20.3742691995849,13.0357269568307,16.3319215233593,15.4363477295828,14.9321008086119,25.1723454416918,26.6696595274478,22.202795807704,36.2354399680518,28.2252961464113,29.4716774089445,20.8596403240741,20.647712740676,25.7921105230941,34.1415589127435,42.1986936542192,24.4799802077069,27.9138660014087,25.3416904780773,24.1629306938786,38.9128782488106,26.1681223526483,48.0401121340887,210.34349668964,333.99582776597,41.6318432825887,20.2351324652313,19.2076532270364,20.236189050643,19.6049864363662,13.0320818427846,23.8170396982398,30.169818929542,17.6688837438948,20.1226330436324,16.0768287037745,15.1817313803318,27.6316133539923,14.255016313532,14.2350510815797,17.7229694707658,14.5934839401137,20.0518265664756,15.7388065583951,14.9156259395228,15.1812014869273,228.893370533913,147.879167488468,69.4959031743443,118.936271499157,133.095726822473,105.382369797671,101.84072108904,102.379176862993,103.420545002997,121.084376810815,150.939550868453,143.636395922679,146.788144324505,153.155195225896,155.351070062916,139.612355733419,143.928865121715,142.738970432645,159.887211312372,132.526311554858,146.415122909681,141.553911223869,122.215612101487,146.35748954135,160.072259762035,156.473260529519,159.160223244488,173.013238140894,220.231146422641,-24.3451526161776,45.1561327820423,55.2369376395165,66.9234367745217,67.7568858485126,67.911238343745,70.6393742780147,70.1564539852777,72.4208317076989,69.5866115286265,67.1916094130155,69.2361318001165,72.6626503418636,75.3982074417507,66.1806691401041,58.2127623953729,64.2360897376012,79.8801957969625,67.635843133347,67.1762320150414,67.4296443805496
270,168.872257613218,86.1940060176652,50.1327710248956,108.399518554203,89.2174255194407,80.9025955018497,43.2620809695675,39.3949532555961,72.1860449782121,71.8258661699028,67.7493119726535,53.3715849150613,91.2763637444973,68.5531039380669,73.5910955804589,51.1769918432043,86.1303719889367,66.147067770179,79.653311701577,117.607870174915,60.3169300547177,84.2976001586752,86.5784833430011,78.4780242184873,132.770742691433,81.2023853179154,124.451122387077,267.524899323249,190.373507735107,43.0954522582493,31.6920207860383,28.6576993645039,29.3211907626218,29.336645834857,25.5346930673866,32.2542328454605,36.13294769378,28.1546885546631,30.6985762131203,22.8776011861972,45.3186363228273,37.2351598427871,32.3425746919053,32.2347895783337,33.0899916766811,37.2113989377524,38.5128345676378,43.2403372400647,40.8525932827908,27.53361168885,369.111606871839,233.430643674802,156.118759043466,101.264841388734,258.157443331041,204.754426289318,158.429007403783,153.071125683598,226.547433494159,212.552828167023,198.384600516717,193.157306187645,219.398524007301,203.928573149009,201.822873118421,189.91495747257,224.082002543302,199.844297565579,204.509602518052,221.720131159159,201.097475068394,209.424204390579,202.654491882923,196.089622008305,191.398017754439,201.368135771617,215.353880605167,104.467566655155,-28.3546699069385,29.7352010702556,79.5960492346747,85.9775128789078,92.2174100353276,96.1528695800443,91.1595581399523,98.1771483051066,101.702160424636,97.7656864819645,97.8187184043097,99.1124023627127,110.253620869964,101.825352848612,99.9732186386409,94.7556066910404,101.353381600043,94.4754857380955,100.80924487735,102.845381930764,104.231479949215,95.0003299559699
280,103.158512425098,112.010790360483,110.326945693906,111.48128355904,318.178962874059,202.797025101461,115.282865737213,118.40055989813,120.527397319383,271.841699957854,120.386611044259,107.96567602182,384.258727278875,113.438735086784,118.679143867263,120.752355641023,377.624477527827,114.778835278541,112.408014219981,159.464464375226,123.647043635369,350.669590802944,349.240883454145,125.414796253615,135.684508854795,135.59126559015,140.392581896877,151.546176371275,138.641998459942,148.416244186182,165.398865000071,162.164274066033,140.463784283808,144.025317106917,121.502653075172,132.995544498246,131.878835331099,137.131044532322,114.724823756254,117.75105103109,143.324046318652,127.695234171816,123.245629304146,126.150585015926,127.871140336845,121.714764315276,134.503379774101,137.256797907241,136.235597712247,112.247271659766,301.811373261884,309.347302275716,309.044576664922,287.262736408959,374.909312125771,399.219087896477,278.958128696354,269.433825789176,273.942816355796,388.097461109394,288.748376974388,272.487118667403,300.588565347204,293.004886747214,284.668582365139,267.194274132467,309.174744007812,290.350532058729,295.043764301215,390.813185874054,279.40179170848,306.730335454812,221.776707463565,268.26743148852,268.933953080831,259.417529863737,263.085825824217,261.27100207891,225.978096743493,223.197075185755,200.937084452362,192.906788844901,187.435899006951,185.164767148069,178.761221891528,170.358074336067,176.340872035828,141.012862252552,163.40280053585,167.865665375808,137.196033146147,177.793609495238,168.08407131988,141.406064169048,169.548780953342,159.494287594989,169.457530284921,126.691650070858,130.618485577184,142.640722710248
290,479.775922002364,452.28306078587,441.618964537078,468.18197922707,445.399328215934,469.083678325705,449.48429631644,453.938672751411,436.620687373951,426.077554601476,390.695911195383,395.474405440754,415.434964856781,370.01515231836,365.95655061059,370.895539254199,403.132737756538,341.243634742289,340.612080577166,307.230956298932,320.058932614806,318.20014637911,332.129000438172,295.452557197247,277.714399554878,269.81772884291,255.604667078189,242.994284681767,241.516558112049,234.914165348186,231.793667097573,228.063165684242,227.168992371123,224.713682647025,227.253932336393,221.761518775145,218.467483974033,216.636253322133,220.079733102571,218.898437849572,209.334841877056,209.026688867489,207.743985781298,209.117208246741,203.8086441247,203.909567042706,198.096362153445,194.706437993786,191.526673120611,197.71208274542,3.47040066078283,-25.2648691063597,-42.9176028584278,-58.7655774312393,-117.191523372361,-125.31577128692,-86.857566478205,-97.871605682446,-106.794136245671,-172.403287831245,-110.63665157415,-125.477635845003,-149.932306622279,-120.725209295561,-123.206924564379,-135.201913342243,-164.955342695964,-125.754625511683,-129.469390792631,-125.07305457439,-122.012371092334,-158.41586105825,-141.803459995112,-101.60187592707,-89.2753608136648,-76.2124225217227,-62.2195968755988,-44.4099387037421,-34.9335717409778,-24.9662113090897,-18.3243854425013,-11.0318288826858,-8.80906654917033,-9.35666210039321,2.4121026677902,-7.27406980098748,-7.10724339059807,-11.7821290269458,0.0397007161611892,2.16498981018413,-13.0218853461605,-11.6099498180879,-8.78274331909694,-7.97282707053166,-11.8702031632011,-4.31501151946583,-15.396918397042,-20.4239890832283,-16.8959053018867,-6.79462373230911
300,195.289060060767,187.523078550127,185.098163490173,191.739254326558,162.755027204137,167.998093343819,184.885315715754,184.212826715557,180.266566358801,150.375480416522,167.940597315116,166.018275397059,163.85678467219,160.510514307874,159.655956419535,160.001038017649,156.088840011955,152.029453016964,149.817383538626,140.74426689545,147.044282178725,131.882264874699,142.905519403769,140.732260240698,137.708233509468,135.892672352612,132.93777373107,130.503696449887,129.767430374123,127.914981213292,125.396565970355,124.484996249441,123.762140717529,121.933691716124,125.273268258817,119.726648143496,117.622018630273,115.6092906534,119.76705487663,119.578666743309,112.679262064495,111.558308987627,111.703509914696,111.35959580156,108.767431502236,112.305102097024,105.766935375154,103.285685330699,103.683035152218,107.121850183761,-32.7681637531274,-46.5691532583363,-59.0737758357096,-69.4170404581825,-83.123718853588,-82.7037973774233,-87.0280143260902,-92.2755177304665,-94.7276065592827,-102.352810574437,-96.110376792623,-99.6319818221372,-103.107025071318,-100.551131406507,-102.026927898172,-103.890590083351,-105.29970446666,-101.566360021893,-101.488939033967,-96.5614734320811,-100.021099137607,-101.074262465277,-98.2005779311094,-91.1099292461442,-87.6693937110503,-82.4377168883476,-76.0322432368884,-70.6384233590591,-66.2432379910582,-62.6790951438199,-59.615528579575,-57.5677227805955,-55.7401896187893,-55.1631148622108,-55.3693871589498,-54.6238599169068,-53.9205160807647,-53.3581770477982,-54.377413762369,-54.8179446993652,-53.0479978302653,-53.4694758329088,-53.6639353062481,-51.8615527907199,-53.441619780318,-53.9813750305039,-52.8158274757394,-52.338385190798,-48.9339608882928,-53.0528779081236
310,114.272204525863,112.951305965569,114.225776119845,117.009943099031,110.564014850772,114.485945538467,116.122797807418,115.854118714524,114.635998395268,107.654205647599,110.908200576526,110.125353954484,110.023616852551,107.794639842936,107.060775391645,106.716519928722,105.049551364345,103.889216857501,102.195164163517,99.4779649511227,100.897913259134,97.3231996996194,99.2580280569428,97.1189233330383,95.672123850412,94.7865304715013,93.1892214552975,92.2978267955371,91.1157258680641,89.9612614169157,88.7794449962391,88.0435599947953,87.1987302330116,86.0860194223398,86.4867652109594,84.2387322777905,83.4827791224695,82.5786997398885,82.6768796894684,82.2256337651557,80.1824741,79.166518976428,78.8260436625923,78.8724124629604,77.1042727934858,77.1898941801454,75.2013418273172,74.3802671912654,74.6900969860691,73.7942407347102,46.5127701552245,29.16269666369,17.0754080933261,4.52353171396799,-0.518843905433135,-7.27411698449707,-15.7649483652005,-21.4258592548124,-25.4779137024092,-26.602197529457,-29.5239584907579,-33.5364978644298,-36.1753090128255,-37.3918060856143,-40.0174863794169,-43.0504634001102,-43.738114492436,-43.7628027536103,-45.1277304320056,-42.6391950444501,-46.7811748092627,-46.0435870592045,-46.549101250937,-44.2288620094658,-42.9113898482876,-41.2069051310885,-37.8956643695825,-35.4925339263561,-33.3447511801453,-31.6661168843865,-29.9860202767602,-29.3288128529923,-28.3939240933788,-28.3124666956976,-29.6224580468898,-28.6159039162911,-28.3571117734214,-29.385829287967,-29.993818787539,-30.7578365181153,-30.0957180716471,-29.4581370993427,-30.1396631258396,-31.0200348800286,-30.342764211874,-31.8984166925543,-30.2142636854291,-30.7258097487684,-30.0317177875947,-31.7632316161038
320,97.1753453544973,99.6882109958927,101.367925260159,103.290375553825,104.214904227287,104.749960766114,105.216729315277,105.161971485997,105.022345812977,104.596089085229,103.978664182796,103.236823934204,102.490936523648,101.957449384537,100.953817819757,100.162083970734,99.36874252605,98.6081278975606,97.4109753241264,96.3617685236728,95.4992334318045,94.8284764799195,93.6078225418094,92.871204675118,91.5724507992343,90.5130000920013,89.5239103709476,88.5034864400111,87.5564336798166,86.5426371857196,85.6120297140021,84.6784440207048,83.9733053181384,82.9926763055579,82.1181421346129,81.0902688696577,80.4068991133967,79.6558616117035,78.745994778024,77.8658233999041,77.2162385838222,76.2742475804551,75.5117059478392,74.5864687884604,73.9202107096956,73.0313119940625,72.3415487748202,71.5491477808022,70.7005887445365,69.8317130234153,107.745633501886,86.7071196755287,72.132389066641,59.096349483584,51.7142508090823,41.7909321870239,34.423721470683,27.7149645962697,22.332354979734,18.091221263367,14.5116916206259,9.65348339402959,5.70489176789617,3.01259314598128,-0.390129624004375,-3.95675881027805,-5.97199751880802,-7.58744887981166,-9.76436498838341,-9.8268966620472,-13.1502105214691,-14.2654222563883,-14.8586029298551,-14.4507293650231,-14.6336104899361,-14.0218822505086,-12.6299894685218,-11.591006174785,-10.7375407567193,-10.1599284626186,-9.64731800915817,-9.43079370352631,-9.36121168417452,-9.83330220371577,-10.8926683005019,-10.8677867579526,-11.1768216732578,-11.5295167734624,-12.8785349502992,-13.6906342073819,-13.5060595755627,-13.9093855257001,-14.5586652426983,-15.848064549468,-15.3641578401737,-16.3809257884476,-15.8620998114753,-16.0175222345233,-16.1943665485999,-17.2029970564935
330,98.1154910832028,104.315652313887,105.48302281757,107.748992492898,112.186258319841,110.856498289297,111.942749046246,112.224199127214,112.701270347474,114.669525378902,113.158525554955,111.985163030699,111.380749181793,110.913148315605,109.661708938314,108.534217105403,108.866058802559,107.085385007789,105.778876135053,105.167109609405,103.395195051243,103.603484356074,101.657666263924,100.498494303293,99.094050209489,97.9185813413664,96.9651705549513,95.9457114198795,94.8500115169402,93.8341620915553,92.838995408886,91.9063678315481,91.0376184916349,89.9676077123473,88.590541039236,87.8437882508497,87.0516792133263,87.7306776796271,84.8120477744008,83.6864176621898,84.3033167050279,82.2687083596311,81.3012313056162,80.1413891527499,79.4408214362133,78.2600822277938,77.7493775440931,77.4868805878962,76.0882570320904,74.620048491508,154.519921758489,129.167603162004,112.888308548047,98.7403905842085,88.6192922949726,77.9985805714257,69.3723025038056,61.4975665270711,54.6621712119782,47.6651465008058,43.3431399006309,37.622687879277,32.8042030212703,28.4753313139672,24.3285198890232,20.157654319937,17.0309513679272,14.1177746277915,11.0846845063672,9.37800373439427,6.33616783998944,3.72162538383722,3.23908799636118,2.09395737324262,0.978159437241169,0.738792488694178,0.853397626170155,0.896645797391717,0.816586225926655,0.523393518483941,0.156936015361675,-0.195437937609077,-0.718622085632852,-1.68597536444681,-2.50891015234843,-3.38819316638791,-4.18893208928353,-4.59885622185834,-5.95470287795862,-6.8055754085276,-7.74912159892276,-8.27241937795081,-8.89141465402228,-10.0734447533532,-10.1446774756891,-10.5289706191137,-11.0796475452853,-11.3225431672233,-11.185392446149,-12.0767722500253
340,107.1298603146,115.86283668292,118.051769705482,121.141765080511,127.336862550545,126.550192954791,127.731156465747,128.674375169812,129.291372439583,131.710963982835,130.602891187366,129.004001933662,128.616987455985,127.259159560212,126.116072205088,124.503106410212,124.823039040587,122.488608556875,120.63506403793,120.196164955574,117.597602920313,117.191570821094,115.387466731214,113.528187654854,111.823908608027,110.303114718879,109.156762673653,107.814272039822,106.482364361373,105.214490317963,103.959712193447,102.72625288222,101.601481161837,100.252390387594,98.541227026404,97.6281288646653,96.3876303481852,96.9916990256917,93.6680390405635,92.1977639027245,92.3011168918517,90.3031898850113,89.0527688060241,87.5781118097134,86.6352854115763,85.5756294654444,84.7062928189901,84.1008012311013,83.0189264999859,81.1995404194445,193.920189123138,164.0529413288,145.961861162044,129.989434499007,116.707588399489,105.70037745337,95.0004739608183,85.7504469003177,77.0374484569718,67.7238977004144,61.8478821513065,55.1001743133093,48.955766222113,43.8209350439771,38.3865301287231,33.5720274502464,28.6948066751691,25.0863550472556,21.4959952894584,18.3351609074383,15.0875622564833,11.3192965499673,10.2338759028595,8.744525481275,6.84564115708304,5.58963563022992,4.87065264015403,3.89138446064735,3.11669908412554,1.96901825944867,0.781483092027043,-0.156257263777403,-1.31112434044161,-2.75135007204763,-3.62258344100717,-5.19211098235637,-6.66278676977618,-8.48563142801526,-8.20169360994204,-9.27335221324462,-11.8395181269355,-11.6594775983565,-12.4093475447099,-13.2614386928333,-13.9007898297248,-13.753920464941,-14.982958558751,-15.8894320869127,-15.5981579712461,-15.4458728408561
350,122.680370727734,131.530839103737,137.976403188611,141.997682008449,147.342858082351,149.244760930163,151.096580075091,152.058024554019,152.989537462503,153.301134669815,153.162751356508,151.557146919312,150.087844163403,148.991914940257,146.779768487456,144.464793216263,142.439931149651,140.829386416527,138.244379461744,136.906932545333,133.85046507221,131.558406717657,129.610021769237,127.660022112534,125.312842998782,123.284626709338,121.373070170029,119.410139168675,117.446022489521,115.484546434319,113.491526617231,111.741889452672,109.844235630191,107.93910941078,106.157894718902,104.205670863321,102.349671715191,100.626053309261,99.0446218828301,97.3658330730892,95.5318329182753,93.934506070008,92.620051398752,91.3468816758595,89.4734163089195,88.4698954513606,86.8993895611623,85.4593921077685,84.3740021423214,83.4871185482889,228.486564598433,195.273219855877,172.656051468205,154.994435906363,138.474973826121,125.186030132605,112.611878802798,101.404535298567,90.4618551144822,79.960842403715,70.9636210413531,62.478686340049,54.9646021512734,47.8383521491169,41.7032031516146,36.3708934782654,30.6241594467774,25.2203631040094,20.7874370843981,15.5834198299903,13.4039532211312,9.97089940711487,7.45094937298699,4.68546625311543,2.16551502616822,0.42677526107642,-1.39599619927587,-3.22242707219184,-4.57216942427996,-6.410955132371,-8.35706705046914,-9.7723472230206,-11.3587878033362,-13.1579626371029,-13.6498377655398,-16.1231627723102,-17.6551058505074,-18.7750654010759,-19.1044834234813,-19.8995726263234,-21.9282396817689,-22.9884802831863,-23.5354029892976,-22.8736266275021,-24.8627900149551,-24.4438588356371,-26.0792973809739,-26.6546807389316,-26.7861525902667,-25.9552659492352
360,130.590083508806,153.962786351517,161.443479108026,166.905417129687,172.270608020448,174.982247267344,177.101721840743,177.953345076746,177.801305311425,176.32475956237,163.225855401128,171.932107440456,168.804457333847,166.759611186103,163.6434146548,159.843249259009,157.009756988757,151.453581577759,147.506803602436,146.003354015526,143.714365088945,134.761535201211,137.612041725734,133.752642545029,130.965256753558,126.464118869613,123.743379989062,121.118790894873,119.2141180321,116.038515120454,113.613407712094,110.600339911039,108.157849897243,105.749703298956,103.867214958342,100.671444505735,97.8102636638509,96.0304150907394,94.3293861871519,92.5573577556761,90.3345866145514,87.8581037983558,86.2096107480658,85.8311163863836,82.997165357398,82.4569022267606,79.958578413597,78.5349405129279,77.0787088143171,76.7689267286048,248.557904991397,215.98191539174,191.025134369778,170.26663020961,148.356449558069,132.609693733159,117.212039779941,103.541057901855,90.0326303967209,76.8693435440981,75.9120810684571,56.2730593651488,49.1467558477158,38.712253293009,31.8912779269142,26.5599572598798,19.5826079079516,14.4928702950186,9.7702725193845,2.72056622541419,1.09441654120038,2.7072323018809,-6.04716672048693,-8.48656354078481,-10.1976046064411,-10.4623660671354,-12.8339003005662,-15.3026997358033,-18.2748332494405,-19.8765239170927,-23.2965950289968,-23.6706705973063,-25.3030029135546,-27.944793659414,-27.1697787757208,-30.41014056214,-30.7054980464915,-32.4474614250445,-32.3932159272391,-32.7909688053407,-34.8491363762692,-35.3892849517825,-35.087052868457,-35.0050025726643,-35.8476142799034,-36.2002132805636,-36.8356706630807,-37.4424683262444,-37.414231525759,-36.133699353874
370,137.09795896065,170.418189389749,179.495297466959,186.877346507539,188.451906440126,191.886406111146,193.135022744916,192.920173715444,190.967543675861,186.555165444055,176.220769245771,178.914295231727,175.592122434037,170.472653370939,165.891116610908,162.494750342549,157.547991025347,152.035021903804,147.207315442285,142.374399787943,140.378411215583,134.864680524403,132.711019270655,128.580875940165,125.406633689327,122.195862865624,118.375193944162,114.549447563969,110.685906704682,107.314536695899,103.030921823249,100.483312776972,97.3903854980696,94.0434962570576,92.8043048858458,88.4996146850275,86.1886925048083,83.7019528970491,82.2953965152897,80.5689131930671,77.4268215013071,75.3980033564822,74.2443236645714,73.7069777279955,70.9329093638144,70.2123422546975,67.8348930743703,66.2422941662513,65.0603629274541,65.1120602834181,272.840051741064,228.15858163442,197.568450873262,173.026743415207,147.7879462691,128.867471255188,110.969958420258,95.200847848737,79.537315670834,65.6534481404321,81.5674611999638,43.3050103726328,35.4957480509877,25.5875059517214,18.4605025661269,12.6119139246113,5.81447892899282,2.20721153971536,-2.15003305431486,-8.37962874224273,-11.7632858453672,-6.05533532999935,-18.328851456814,-20.1176620703867,-22.5423708637595,-21.7819340632255,-23.9231134103789,-26.3181742640484,-29.4215727301903,-30.6810504738379,-32.9061251573742,-33.4794432191916,-34.5016190273895,-36.365594040637,-36.5293213083402,-37.8811918789263,-37.9084718315219,-38.9887134465784,-39.156941624874,-39.5920871931013,-40.2832138010899,-40.6011584610836,-40.4700297396856,-41.0121187179343,-40.7480620473073,-41.2477179652273,-41.1867899575909,-41.3423747708966,-41.0516924744805,-40.9343897477379
380,143.018712261044,172.72053567616,181.025199056459,189.397186652686,190.387084998568,193.13855893674,193.420934822781,192.210484173004,189.083456019478,184.118179930353,193.888988399354,174.835143331783,170.183686215342,165.123713392635,159.747777058741,155.437909929582,149.880910032094,145.191838135595,140.001927681244,135.193756258506,131.275743734344,127.66305849465,122.670826162858,118.740212627201,114.488693533131,110.873899926453,106.890852579328,102.685880362485,98.6792974464685,95.1055362530097,91.4022732191629,88.2779966475021,85.3967592280906,82.1615142854456,80.0061496030065,76.9094599779101,74.6279775644833,72.3515224282565,70.7046642330499,68.8059720803347,66.4007746719818,64.5902537817316,63.1195941809843,62.0361042166965,60.0326491130593,59.010449789062,57.1626878919517,55.7650132495976,54.71833107029,53.918973543163,304.357823538361,244.007287503848,209.969928746478,179.823552685719,157.124575793348,134.342829029373,114.013431634698,96.3704539812086,80.2774706859384,67.6578851019395,88.0976681269209,44.6320112450045,35.3671905048715,26.6115923097428,19.2023066098469,11.7430818830473,5.92496600318189,1.90249292961468,-2.27334681433878,-5.70652574492992,-11.014266331084,-12.5529624467902,-17.5819263762431,-19.2172929818587,-21.9176010585678,-23.6059855213479,-24.9968863351859,-26.5362926374329,-28.0556715215752,-29.6163239900868,-30.3095116434306,-31.5688195240957,-31.9357329461387,-33.2758471047401,-34.2388752898413,-34.2484394923275,-34.6624965008855,-35.1213841714231,-35.7156011880826,-36.2486540305327,-36.2193271569548,-36.247428454766,-36.6776894409822,-37.512878043003,-36.5735697474691,-37.2749381122105,-36.9071954376346,-36.6760071587732,-36.6675865391371,-37.303002253744
390,151.4680837145,170.200154429715,181.878786793173,189.218087822712,197.070579747411,198.977103046913,198.540885249892,196.750234261281,195.171293385747,192.933661658527,219.979765933602,183.626785997513,177.738035295227,172.814288540729,166.38111093915,159.975657222095,154.400446750801,150.321282983695,144.697759849764,141.746563864965,134.001349699452,114.569915065595,123.561374903717,119.901711999826,114.834744579847,108.279205698864,104.532473223064,100.586360714222,97.179396060409,92.9796748572742,89.823296825121,85.9616068765658,83.3636891917053,79.7108242873766,76.7185635178833,74.5721204682663,72.2101673761823,69.8620738903599,67.5552604282654,65.3597318766757,63.4275249201105,62.0488553510172,59.9863810685736,57.9146779752353,57.039872300929,55.201490104253,53.9540126731958,52.7416133020481,51.3781597403271,49.7201322736123,347.514145620891,284.082074418493,249.23415888135,214.401371718354,192.164669335318,166.577840956838,144.334201650183,124.621634847245,107.038069014622,93.3940055947477,95.303974125062,67.1042935224333,57.0413337445158,46.9647398391523,38.6138599489201,29.9075956067682,23.5149978658608,18.3886843611373,13.928471017015,9.64494056772386,4.02452630861662,1.97763276026897,-3.0942180825289,-5.22336548638998,-8.17143844306073,-8.939231206697,-10.9209119493799,-12.8773265549239,-15.2319484720699,-17.1647916022871,-18.3165991668876,-19.5648902485498,-20.1938839509624,-21.7313258439516,-22.6059217164318,-23.0201310305526,-23.6690484382525,-24.2074269379511,-24.9059647434496,-25.4972712058244,-25.7247204505643,-25.9825375178928,-26.3412427126445,-27.0900037425474,-26.4233067004871,-27.0981673405985,-26.991381003442,-26.8056482082983,-26.8349110854172,-27.3889080644859
400,170.510821360021,191.010299260235,210.624177986135,219.205718669463,237.890685297031,241.333216735366,243.501985092829,242.700936836109,242.821933015002,243.598038196642,263.374597166088,231.906577194499,225.152555534267,218.868129066352,210.126883265661,199.86254713266,192.744114636002,187.970301206159,181.087064614199,177.259583435192,164.898067984555,157.440331111287,150.87874704322,146.444868672084,139.528476417092,134.078660364971,128.602553523481,122.720372001693,116.772235906348,111.180754436686,107.197025196365,102.438348518968,99.2367782251198,94.4372421385451,90.4313577725732,88.3011292032939,85.4531785607115,82.510613836951,79.2615666102489,76.4410010017307,74.5782265300709,72.6400365265882,70.1930134585849,67.1180750550616,66.6438865675885,63.8680159476242,62.7184532242994,61.2560145148339,59.7819173640635,57.1680860069583,406.798644284028,352.125317571079,314.389119560629,277.349546392438,249.512672157099,220.062625374643,194.632535408971,171.2292813246,147.563263491462,127.183463894808,99.7309177709465,92.983033648792,80.2426974257928,67.2295629949716,57.3587057380603,48.3546895178502,40.0495257278062,31.645700306875,26.3103450970942,18.3164742186816,16.3567983247803,36.6023695214268,9.43000670963097,5.82043651461868,2.64319873962033,3.28545258857888,0.48863755507528,-2.25652324337224,-5.04026748349124,-7.20682415286432,-9.09038790528383,-10.184960083979,-11.3652353729789,-12.4822953123709,-12.9003755066211,-14.3213125624103,-15.5258344410775,-15.752247494945,-15.8063769200321,-16.2402537539841,-17.1237908855826,-17.8289488787107,-17.8261357429675,-17.2642139307945,-18.0864203823706,-17.8071926282322,-18.4973597153565,-18.4820363864032,-18.2162442289386,-17.9835469650722
410,215.398535698987,257.915781148779,292.457034000865,309.849147163857,344.493388797797,350.867633991845,356.557959590237,355.977249817655,352.416814222202,348.414494630148,338.995833637625,324.290427048536,310.973507322321,297.996644805769,283.676718639685,269.256614586404,256.864462539219,245.840754205365,235.303242342983,224.878943460378,213.55315348362,210.032359495547,195.217588984415,187.366323826501,178.153002307952,170.748946861466,163.019981313206,154.879952148073,147.818438383236,140.39441650542,134.115237397449,128.505937127749,123.794076954271,118.247263053253,114.010604614939,109.927406243918,105.764167703675,102.561620166116,99.4643619274032,96.2122218088048,93.0355596052048,90.5308509313071,87.8776227762319,85.736655753549,83.48414833213,81.2686935069542,78.9316122499395,77.089216539154,75.4126383043833,73.5470108544472,481.565665173394,428.58119576621,384.015024850665,341.60750777887,296.088534604712,255.954634956893,216.76097094205,181.967235018122,146.193131276891,110.731994081882,77.521472956193,64.7945700596484,47.3318768171566,30.2983610323853,20.7407190889848,15.0347548642754,5.67142441066943,-4.46743602599958,-9.51021099833426,-20.4931199195435,-14.1974947020291,-16.0838643234041,-17.4071447342966,-21.2320000043983,-22.562891050118,-23.1614598918035,-24.5529260603894,-25.0919024693203,-25.0883919021145,-25.7111279738412,-27.5677449260149,-27.3164638150632,-28.2942939371845,-27.9771644945155,-26.6084711178638,-28.9512507647295,-29.6295943626278,-29.1216880325064,-27.3700566852951,-26.7888308131043,-28.4238920940326,-28.3512768416568,-27.487592869781,-24.9510760614278,-27.0065339077321,-24.8671571246763,-26.1356896197389,-25.8594243237561,-25.2275779552768,-22.9701631825896
420,304.28418103597,379.866570550006,438.179201471824,467.78428919156,505.416784748606,503.248666166634,491.480675639637,473.145805079133,449.008599060626,418.829550886177,401.551253763195,365.562274909204,340.9054211744,316.988442468516,298.802127523866,283.714711754752,265.79797526086,249.698814740616,236.776661578717,218.862622291699,215.161963322632,199.906548673603,196.68283800541,186.679892441927,177.273934992843,168.979694592616,160.639828443574,152.846126439807,146.242688339874,139.018011046315,131.213723151998,126.148211684288,120.543968622743,115.434817477137,112.49554976638,106.530385922496,102.29911849123,99.2807744977807,97.8695546430822,95.2751897707516,90.6721895593019,88.3938522828553,86.5909219387889,86.3644776010363,82.3404529798291,81.9786195700137,78.5611717289504,76.541828901504,75.4935409409561,75.4694957981149,556.877798673471,482.302512565781,412.066963602862,346.151636152737,252.811601756979,190.02770292608,127.302625391685,76.1522564910626,30.4673849539702,-11.738371811249,-36.4113190862674,-53.4880075271031,-65.0903723867105,-75.9281820517779,-79.0913873391753,-79.4570197765037,-82.84118056472,-87.0146826416426,-87.3123552166626,-91.6575179356477,-83.6127179275329,-74.4236206752191,-80.2037171732641,-80.1528476306604,-78.2046708945871,-74.7398091095917,-73.3364905624654,-71.017361091606,-69.5145171522173,-67.7463453235867,-66.4167467162719,-64.9119425848472,-63.8741747969105,-61.9283543329477,-59.7771058780906,-59.783564258172,-59.0080855186763,-57.6049997987384,-55.4380647183018,-53.9635474976681,-53.9919428952943,-53.3960372790758,-51.852749103488,-49.447281665723,-49.9211471541188,-48.0685753023248,-47.7591618911199,-47.208740568638,-45.6035523179067,-43.9079127654504
430,442.809154355683,545.888896686367,608.015962355976,622.522367172828,604.254313892964,566.380747306585,516.625424310802,468.68825699478,421.022781403669,372.010491505769,338.108788080319,307.299204253134,282.433230371939,258.647920061811,242.622274676861,230.074729909505,214.238013380692,199.531981405131,188.840216699939,173.072158076612,172.367303448371,168.271941831568,157.697655646979,149.366389059685,141.837153419286,136.299926250718,129.326280819657,123.114553000057,117.265812288526,111.242094339633,105.1575735135,100.705870421684,96.2413228047259,92.2253837021588,90.1242696928858,85.1202913256059,81.5493863752432,79.2967635989518,78.5622287400183,76.6979694474374,72.7885693011611,70.7550149871942,69.6120479279688,69.9540768302942,66.4779349947994,66.0436382981706,63.7179135565245,61.5387988525277,61.6791047116301,61.7972212632552,600.53866630414,470.772775858142,338.702383132886,227.87399920283,87.7443306029457,14.613468031147,-43.7730864042935,-85.3546692762092,-115.333890098273,-135.315655860669,-152.963380662471,-147.860267893852,-148.100251088457,-147.536657681918,-144.569483546589,-141.139585486385,-137.494420737741,-135.447460078887,-131.671118458408,-128.126425859621,-123.40972066102,-108.300288712657,-115.916882491087,-112.637504255908,-108.479367525099,-103.831274522299,-100.210201872919,-96.1962808494937,-93.0136669249375,-89.8061393251539,-86.2538127651871,-84.0255492403637,-81.4105280201761,-78.7070785008042,-76.5824475000787,-74.573899863915,-72.8688852234057,-71.0556052440376,-69.5518224029163,-67.9234093171152,-66.3710381666216,-65.3322640017343,-63.9686439902341,-62.5859923310822,-61.3681331528196,-60.562506987457,-58.9247569072331,-57.8520792717516,-56.6109532910467,-55.589744819773
440,609.566038096976,701.693464907679,705.099835834221,662.67463748534,570.10606845907,502.903545343891,437.166961016641,381.707312851859,332.677127955371,288.249509625131,255.313121366001,234.117562883138,214.189586777981,195.70200489572,183.660451770876,174.106087886247,162.455207811085,151.12299698503,143.372687232527,131.817732057244,131.349035683411,133.159868621556,120.58419470414,114.431327709776,108.942358882963,104.688126544262,99.4927960033399,95.025732355311,90.7302503179789,86.1456138128914,81.5502711000633,77.9266886855706,74.6813867537454,71.5513739415777,70.0575868966469,66.1998293679282,63.4890904388545,61.7814804228156,61.1752251744346,59.8013906693957,56.8689244860665,55.300971379951,54.4648086328647,54.6836437015767,52.1825367915445,51.3466856176623,50.1019611824496,48.2241799291591,48.5651214686133,48.8378501713772,577.407908199547,358.173906187167,165.238264974162,34.8401571637845,-84.054480478066,-133.159530152246,-162.20561071795,-178.768122452548,-185.218121112475,-184.321349210745,-182.797295593427,-176.682102801951,-171.35634521564,-165.466775355341,-159.850628722915,-155.234683587705,-149.104410263064,-144.212725233954,-139.239656740468,-133.202159347928,-130.433944379691,-121.625829441396,-121.969456955826,-117.736591082894,-113.032750472314,-108.752392009435,-104.442824124579,-99.9418879061613,-96.0226355776246,-92.225540563837,-88.3311632772772,-85.6126359739929,-82.7850725129548,-79.9314787822141,-77.9992190749739,-75.4178157003424,-73.276627566543,-71.5792931423031,-70.4647557298604,-68.9252463602839,-66.8932314630338,-65.6518172529878,-64.4827011782029,-63.7080154626742,-62.0021151048032,-61.2077943917119,-59.651160973406,-58.0178837016451,-57.5946164704703,-56.9304666208747
450,757.718156892961,766.328055896751,682.079151987425,592.156873371683,471.933100765074,402.945317815559,342.747596464888,295.214784834958,255.201656744262,220.910134671982,196.828692117476,179.513524805731,164.075030755162,150.197373116164,141.555208610015,134.143583691043,125.595260731893,117.062658989591,111.457781408844,102.742400310336,102.329669374751,102.976381758509,94.3614135514454,89.7157785268403,85.6564378328091,82.2407961914615,78.295091708307,75.1201623245263,71.9968411390112,68.5980341185658,64.9238656629415,62.1251733766515,59.5641531805821,57.1126526105184,55.9952197778069,52.9592576572473,50.9918536201394,49.5803360255482,49.0409678243711,47.994465804768,45.7830168032231,44.5719149594284,43.9568327084297,43.9953502483543,42.1496849627097,41.4020213648406,40.5397265479999,39.2387737208124,39.2868808934314,39.5057490899123,472.227680134395,174.253633697609,-14.6594416387237,-115.955969936703,-179.144660300958,-199.300760723859,-205.413849608474,-205.753320576252,-199.144559732742,-189.151058570092,-181.139823244113,-174.403419586779,-167.157134578938,-159.90276523604,-154.017650948966,-149.427264819558,-143.068690321845,-137.470010059651,-132.656327665449,-126.221958965739,-124.472290293879,-120.704399425653,-116.480920840113,-112.274330224814,-107.770009519704,-103.656486031041,-99.4461904836237,-95.1826694867489,-91.3915239893048,-87.6778033019623,-83.7566292146641,-80.9580670333389,-78.339628052561,-75.5204678660582,-73.8783779132215,-71.1830218370879,-69.0349828328872,-67.4956022152005,-66.6006397339415,-65.2124584357267,-63.1237471831396,-61.9501286032097,-60.9468360894267,-60.3983487534118,-58.7090391867464,-57.6984766854037,-56.5248280215099,-54.6784197012294,-54.6503977606325,-54.3317125744914
460,834.32026775769,723.316657771348,589.083116885477,488.366354411625,375.564711427843,317.252187450237,268.240023767054,230.911366953234,199.770245494422,173.791806321859,155.057422696587,141.750335855584,129.823861976858,119.211414190797,112.754081028616,106.869951037727,100.403759349485,93.7039101710699,89.4811666919162,82.771187285847,82.3973358622074,80.6548833239934,76.2472242266716,72.5523968521192,69.4485960920567,66.8657764487265,63.6965595022465,61.3319845503949,58.8949667125728,56.2305832197147,53.3749291678437,51.1956325842029,49.0123861288537,47.140912648408,46.2328726624219,43.8426180198202,42.3337312346753,41.1731483884392,40.6813182440962,39.863167477261,38.1797689477539,37.1552704137155,36.6934115662434,36.6787633517399,35.2284604712773,34.8418489397191,33.9833136662769,33.2532187135384,32.9929353449204,33.0729581212655,309.211963214118,10.1270814374124,-126.980751376496,-189.098607778757,-208.520027887812,-212.720051686584,-207.693285951413,-201.045100355665,-190.000659228985,-177.143158417486,-167.991221626009,-161.216915189628,-153.615158320812,-146.659803975202,-141.581108037329,-137.416951654308,-131.531631930165,-125.943350481849,-121.785786467801,-115.391321474606,-114.589949359689,-112.110270699485,-107.54701851361,-103.605969684831,-99.4935931731153,-95.7113049996707,-91.7710284007434,-87.9730005981414,-84.4983786455999,-81.1185956539024,-77.2980069659084,-74.6589860992401,-72.2450004623473,-69.5751150109472,-68.1855879017453,-65.5656755460451,-63.596260187239,-62.1868895659113,-61.4718936915493,-60.2391754858734,-58.2427285924811,-57.1878006585818,-56.3487775428142,-55.8891052457732,-54.3183474146624,-53.3562366801214,-52.3228039876918,-50.6663817664901,-50.6143751923659,-50.405009694088
470,819.485803797904,631.635505416879,489.02561479437,396.490082496435,302.625944795357,254.726302786371,215.570607117744,186.089474249773,161.667734779691,141.781746651031,126.679867107826,116.063975973502,106.825659476019,98.2820504096809,92.9717022705556,88.1635817557179,83.1146441119885,77.734540513673,74.2826520508148,69.2260950868277,68.5399273803528,65.7462512889887,63.5118683113899,60.4655690494002,58.0282186254479,56.0215266537916,53.3832675984185,51.5148960015956,49.5311576057047,47.2891171652905,45.1375423981803,43.3895508691004,41.4773083500817,40.089969110534,39.3365827245783,37.4501959964322,36.1711449327965,35.263966945273,34.7841390599526,34.1470171916938,32.8466700884861,31.9408586050321,31.589424517142,31.6095413267567,30.4267899349409,30.3680658508997,29.4907037026593,29.1149352359598,28.7345323729522,28.8155091007521,150.161878313152,-82.2324004171333,-169.055907615548,-207.850701115982,-201.97657187315,-201.081873135231,-192.628937077228,-184.020743274599,-172.667498370264,-159.371723614322,-149.562592853372,-144.381806431176,-137.201198806107,-131.246455977503,-127.143646536519,-123.683250962747,-118.49375193706,-112.905747483722,-109.547642418576,-103.417573173364,-103.635292809114,-100.646797492577,-97.6459973183028,-93.9666917006039,-90.3055451001466,-87.1098396182632,-83.4228821030645,-80.1136989208003,-76.9392201400573,-73.8210953992986,-70.3825921955452,-67.97902505754,-65.7125873132541,-63.3154117697762,-62.1316163872594,-59.7207691379274,-57.8918788526758,-56.66485217628,-56.1170625566408,-55.0356141299686,-53.1898402248614,-52.2101371230465,-51.5161986757635,-51.1789793175823,-49.7170350039178,-49.1677756527761,-47.9345913941769,-46.80256913284,-46.4531544432866,-46.2363749601445
480,748.049462496855,545.484946921035,412.805999534236,328.508255728837,254.878163112168,213.059061865531,180.486632717444,156.014981052312,136.239870129737,121.019057353559,109.482120801051,99.4863448143998,92.2724102632136,84.7367824490734,79.9777272427731,75.7050985135282,71.5891323114263,67.5611240874276,64.3819851411417,60.706446224035,59.1862453466197,56.6463693385742,54.7343511051141,52.2131197816389,50.2041409613951,48.3973120182368,46.1716538984586,44.5876187917556,42.9355882597978,41.0590082657623,39.2882277060943,37.8444918826786,36.1728440405437,35.1315225089116,34.5107579781615,32.9796847468981,31.8779104684382,31.1594157434039,30.6533822692328,30.1742721634947,29.1588280421705,28.3851197927175,28.1364298460344,28.1705101995607,27.2055540229362,27.1919496053168,26.5391277525663,26.1359792677306,25.9344482641995,26.1218499287437,48.4503065843584,-112.890823496922,-167.195069452721,-197.875665314986,-180.24778718654,-179.333451108024,-171.312364833575,-163.182933186849,-152.915056860186,-140.201284517388,-130.362225773882,-126.860100129736,-120.487104088879,-115.656797513711,-112.356245555259,-109.734729144914,-105.29863128949,-99.6849278107487,-97.0634709920976,-91.4034617442808,-92.4566665268079,-88.9875466519934,-87.5039328012036,-84.0591139860053,-80.8870214054212,-78.289979459146,-74.8395524264004,-72.0203606462403,-69.1762009526834,-66.1866640560394,-63.3321048328118,-61.2001472603026,-59.0671014669082,-57.0386812703508,-56.0880011734856,-53.943791614692,-52.1447075640223,-51.1831321841339,-50.7885041613416,-49.8813542018485,-48.173689759557,-47.2613246430003,-46.7240603516169,-46.5820536496045,-45.2152745870394,-45.370687820519,-43.6969944646747,-43.2820342817496,-42.5028699498272,-42.3765918088704
490,673.779763590778,487.070862717825,368.333185893123,284.525998257848,228.750888392918,188.609679027051,159.297016857524,137.472207294122,120.709126574035,109.274693228612,100.969281620704,90.2650178773741,84.6021820133728,77.2442913720184,72.6622366091457,68.3914263321288,64.8255637266612,62.3552079867228,59.0545642540364,56.5466376981477,53.7654353918815,51.8388472532167,49.3590481082866,47.3101609139446,45.4838398585073,43.6343515867083,41.7358309469135,40.2148198937578,38.7238345760415,37.2914629308495,35.5449435176634,34.2713491389017,32.8141081743795,31.9614723025253,31.3755392013177,30.1043634627071,29.2707273864706,28.6137571561073,28.0429609471703,27.6730770124433,26.9493973889048,26.2975448111869,26.1014997255504,26.0675240226641,25.2998445603861,24.8553850970821,24.8320870696989,23.9174700763633,24.2723414593217,24.4747729521183,10.8937778599893,-109.118228056163,-146.802420562844,-175.740052453257,-155.72373992263,-155.713380228857,-149.252218367794,-142.353267110126,-133.445700652997,-122.068606707809,-113.465291001323,-110.483815554731,-105.145372347105,-101.038696099452,-98.4088062970858,-96.4417265437091,-92.6878798901785,-87.4109798709674,-85.2927627612761,-80.1991599587801,-81.6232813251924,-78.3698562174229,-77.5517422576814,-74.3711729631939,-71.6580500330133,-69.4805864984786,-66.2697674936176,-63.9266601610676,-61.4644096726168,-58.6342870866418,-56.2820963575372,-54.4585243474249,-52.4771075705166,-50.8433083720413,-50.2051601201204,-48.2848268664578,-46.525143381412,-45.8397831962103,-45.5915161318068,-44.9162185928534,-43.3111324420769,-42.525202337109,-42.2153924749921,-42.284765508096,-41.0196426067423,-41.9822959779351,-39.8500646805998,-40.1186001948102,-38.9582358358503,-39.0715772121502
500,630.981399567693,462.182790330795,353.81746887639,261.821398469544,219.918284313672,178.027964489136,149.376090408143,128.401068538841,113.511884474177,105.015246836185,98.8564498591134,87.1387703273468,82.6018157985632,75.091365101308,70.1952253061394,65.6283167413167,62.3641812836594,61.382001011511,57.7010990102055,56.3485125197599,51.9822151319522,50.293447392482,47.1636540115529,45.5184369900615,43.673821691967,41.6708932740176,40.0245371617423,38.3319026807286,36.7781108886091,35.7592700347265,33.9060926749259,32.6476768733155,31.3686290084513,30.5887021609301,29.8182563897294,28.8751173764926,28.3226185088283,27.648892038084,26.9340806608344,26.5554354182395,26.2186182021906,25.6010045824141,25.2890644174334,25.1137747478958,24.5329655500774,23.0856541666636,24.1061366042957,22.2204773614739,23.4894571643222,23.470394444829,12.9269865250824,-93.9920293584022,-127.443069758457,-152.479187707937,-136.836730198103,-135.90110222607,-130.26076549127,-124.17017397689,-116.468077575466,-107.321863754719,-101.055419056493,-96.9749299217077,-92.9982840744301,-88.7783731599532,-86.6082426310157,-84.8479334460752,-81.5899323247813,-77.3524245184277,-75.3149825990083,-70.8943242397656,-72.053938250326,-69.3768346135353,-68.4319293706096,-65.5899166334165,-63.1928373235443,-61.2670783401073,-58.2953769273035,-56.3070626158184,-54.175192425511,-51.721631099017,-49.6034163743545,-48.061316697218,-46.2529840682991,-44.9759911393436,-44.6542213778265,-42.8982838479093,-41.3912748493372,-40.9040958277102,-40.8005401294997,-40.3967748613264,-38.9900589808638,-38.3534802282177,-38.3013854233186,-38.5479008923555,-37.4114163856533,-38.9606134596741,-36.6608476099859,-37.2775843490795,-36.0561828193773,-36.3872773266822
510,633.556848104594,471.682037633464,362.280189122918,256.272887052016,222.639314973628,177.454183750734,148.013643839044,126.834594015011,113.043532231921,106.089831004159,100.505967241852,88.6446206827371,84.3781247374543,77.2026593079986,71.5578719375441,66.6826342175169,63.650760689393,63.6014013584301,59.579684772794,59.4864143101981,53.2251169536889,51.4438235350443,47.8270392336789,46.477947791728,44.527098762948,42.2188035282352,40.7579227806394,38.7568326009465,36.9794389525982,36.0816909242308,34.2479437649869,32.9152008031305,31.7758964087366,31.014178077627,29.8523427475097,29.419927609126,28.8835595636482,28.1861187001312,27.1771575755271,26.6492109576776,26.6312459996291,26.0184341190765,25.4095770530724,25.0057706861623,24.5914769113885,21.7139486231075,23.9794745197241,20.8954445742623,23.168763038461,22.8044275174527,22.3233205146065,-90.8957152971597,-127.528402136414,-137.563110028904,-132.131105615455,-125.511430425694,-118.493243156588,-111.802804994304,-105.006811017313,-99.0317497244857,-95.6299574569885,-88.5722984897908,-86.3622015546674,-81.124866439163,-78.6057797492564,-76.5096391423653,-73.5377022989331,-71.0979728970867,-68.476758490383,-65.2260461029836,-64.9647459818157,-62.6049527027583,-61.0860014549269,-58.6553582268591,-56.3585087184494,-54.5087090466012,-51.7766983729563,-49.896328715707,-47.9051230467609,-46.0243133519043,-43.9472819908478,-42.6031929146473,-40.9969157693078,-40.0569956910471,-39.8364354559527,-38.4510436884462,-37.3406754268128,-37.0482401719931,-36.9815776923112,-36.7877598924733,-35.8675532070009,-35.3120549757536,-35.3528612371811,-35.7171121256544,-34.7810406796956,-36.2533320179886,-34.3903324299097,-34.7157179601295,-34.0221531587038,-34.3024192499937
520,681.517911756836,499.8815455596,370.93652322823,259.389660315725,222.351425857948,178.655229989309,149.385425227902,128.45820938299,115.093158270412,107.226804163584,99.9798391837092,91.2742716665238,85.6691605515338,80.1231571545278,74.508592601311,69.6624431922145,66.9021632877182,66.5724349287864,63.0374890289226,63.6276648567605,56.3081254935443,54.673501186613,50.6323635256789,49.4347108115923,47.405596844134,44.6530533920141,43.2881510856089,40.9897890137554,38.9497203912749,37.7235289229312,36.1200737993297,34.6468683530602,33.5592072575217,32.7035458952643,31.2237206892665,31.016990832223,30.356736214543,29.4152913378282,28.1265641942444,27.3981423095191,27.301776418373,26.7357512935735,25.8857013840702,25.1736301960457,24.7917622063234,20.631563838528,23.8703152110811,19.8446766915478,22.7420208750723,22.2266072536569,-2.81560795302933,-136.789382461617,-168.082560392181,-141.131141093236,-150.431532531552,-130.874397531719,-118.93354176194,-109.357129309406,-103.015977736432,-100.424800601057,-99.6162341012004,-88.3097716874492,-87.4326553328298,-80.9140640698144,-76.6911625391801,-73.5676445092581,-70.7556064042302,-70.6820562640513,-66.7724060197685,-65.890676683757,-61.7558649139078,-59.4088980880584,-56.7162787702682,-54.7630975180201,-52.3131772911868,-50.1025719990146,-47.6035498460208,-45.5559808553941,-43.4561607408598,-42.0568469514547,-40.0789317958518,-38.8911458144888,-37.5435638388582,-36.993658385809,-36.5612228044622,-36.0628661857786,-35.1131068589875,-35.0893083663829,-34.7173758787873,-34.6072251145551,-34.3219499895962,-33.8959222239477,-33.7565543109746,-34.0312444455825,-33.3992819569089,-33.8121599008428,-33.1309719807427,-32.3927688388605,-32.7756563030545,-32.7552912640796
530,726.84423571998,465.936684437096,323.070100249371,250.230708840395,190.734322164934,163.380991186775,140.335320284392,123.172777228707,109.852357925283,98.2979635769196,87.1305620974987,86.2449886371972,78.5553955423178,76.1945813943361,73.0083766055196,69.6363625215679,67.2360325702431,64.4127834331881,63.0795939665817,61.6145637038616,58.405389027903,57.1286011944968,53.8771294611895,52.5591369121163,50.7377617609428,47.903410502753,46.518518729629,44.0371792189722,41.7871088661077,39.9486335715217,38.5335306554526,36.781835120536,35.5182983319895,34.2804708739582,32.7065167715033,31.8473302354211,31.3028664801471,29.8040742561149,28.7067987222094,27.7730871687886,27.2154108522203,26.4915247975176,25.6321354326298,24.8754303780838,24.2571403894308,19.7658973916515,23.132256285741,19.0018769776196,21.8945656520018,21.4890931881509,-122.954238553781,-247.011656448158,-237.140457207584,-168.777962936332,-180.316803502683,-150.080056678682,-131.640410556355,-117.750555920065,-110.654895855887,-108.951009085429,-107.411496506403,-95.9945348896721,-93.8789587227577,-87.2293723326833,-81.8258656013907,-77.1946584581269,-74.4233300009961,-75.9928906695266,-71.4945093795929,-73.3335159864625,-63.9646074670535,-62.0395094327848,-56.8231279677752,-55.3845799236409,-52.4512593454971,-49.0867962150344,-46.7335938929698,-44.2130624676609,-41.6775995005902,-40.3054892143579,-38.7614037452209,-37.5817662699095,-36.4719788006464,-36.2470349495679,-35.5749558121011,-35.7546371600461,-35.0646392199978,-34.9159634857197,-34.0808024008432,-33.9571396338831,-34.0499043327901,-33.7967058827595,-33.4001693918932,-33.3163644920512,-32.8873630736748,-31.5961581087911,-32.5130735895957,-30.2742794163738,-31.8566677108487,-31.6130001079672
540,622.641034931153,324.925741650116,218.748104795627,202.48263391368,132.813587994691,123.082194160734,110.987595436935,101.581373984652,90.0295150525809,76.3536474714181,65.1650420701259,67.968189398533,61.3214249981878,61.6831602196608,60.6102989773844,60.3402728441177,58.670850503065,53.1460853453301,53.5100306369446,48.4173026914873,53.5288357403382,51.793404668923,53.1487534808407,51.2908306823481,50.5796129378009,49.32386363437,47.9277967872116,45.7904112446267,43.7823299550697,41.510977940952,39.6006503330377,37.735917746097,36.0716676222574,34.2702935652505,32.5541276903719,31.0456025444253,30.0994959526967,28.5000391063622,27.8713222280257,26.7873548884413,25.7134387204375,24.7821429328746,24.0985807254646,23.6389066595996,22.7979646063907,19.066843179612,21.672677266854,18.3205397617609,20.757179801898,20.4327859951866,-299.99542590116,-293.835469815923,-246.220097716672,-195.674600714581,-177.697439455142,-155.811481347327,-138.707357136505,-124.512614506137,-115.344603021732,-109.626095467527,-102.894564653827,-98.4610883162722,-93.1112127295751,-89.3968576633221,-85.7043016895448,-81.6602649622881,-79.0237535582091,-78.5160517686718,-75.9085426141749,-76.5575070494297,-69.4647339723813,-67.8225581940846,-61.79228095629,-60.531636714755,-57.2769318111866,-52.4515144934805,-49.9909324990719,-46.5747341267203,-43.0661230501508,-41.1555836488176,-40.0451911285519,-38.5426067216006,-37.3258993536233,-37.0098258373381,-36.1189699232815,-35.9871651276951,-35.8406590532332,-35.0895373534108,-34.2435361849253,-33.9686434538069,-33.9941983840898,-33.5433462303156,-32.9758021907693,-32.8055702172469,-32.2150976309598,-29.5716393218755,-31.6851133187235,-28.3315473515577,-30.8462953805677,-30.5527677681491
550,408.416844679173,214.138364151256,148.203894967436,139.500501455336,93.3499008082834,86.6977704908088,78.9095144324688,74.3541516120308,66.7792588128192,56.5719736734179,50.210950213882,50.4464097574129,47.4422134070953,46.8524140129486,45.8192171930959,46.5106958562306,45.417404072312,41.3799173814181,41.2415783617111,36.1107590088285,42.0866455905321,40.686691636061,44.1623460472859,42.0646785598193,42.4307083447734,44.0724855576738,43.1210689797644,42.6089814115455,42.3496122660031,40.2877012689689,37.7958075635934,36.2105083967615,34.4361405010025,32.3582948040994,30.6021099097133,29.197180668275,27.5084205721774,26.226528893828,25.8388208066689,24.7298400963455,23.4831942335998,22.7541893327002,22.2975525518951,21.8999891512272,21.1730302894643,18.4987944355144,20.1783536766534,17.7670955277328,19.6194800112938,19.2793831962453,-315.972428073845,-231.792329440049,-190.741838658711,-179.518617966541,-141.965008121022,-132.615041419226,-122.918992854339,-113.818789193313,-104.583715914951,-95.1743837480877,-86.6019058225057,-86.4702467769192,-80.861343158999,-80.1813897107232,-78.0628817142372,-76.7539636740879,-74.8972558545369,-71.6176862119201,-70.5773305983619,-68.049319037783,-68.3470762388017,-66.0592442827168,-64.8448033032445,-62.9945027613933,-60.9420524276536,-57.2818031072342,-54.6059191430436,-50.9616868536449,-46.7024512046073,-44.0292918089963,-42.0541142488647,-40.3939273541459,-38.4681328634171,-37.6664373250073,-36.3013953593046,-35.6682809606637,-35.2631969975598,-34.2061911914459,-33.599955693423,-33.1764814219392,-32.8369922598356,-32.1470449234838,-31.6491243499848,-31.630215482467,-30.8125597874818,-27.7111299046162,-30.2615217065003,-26.5408507042301,-29.608546631948,-29.2547371390157
560,284.851233992999,171.877070820821,123.796323121801,103.734396493612,79.5306367151399,70.5871718860486,62.1654433452968,57.9772743156167,53.124135623279,47.5561600999184,44.5756443216493,42.7518867022054,41.569259177705,39.60598557218,38.4716805313101,38.4173776655695,37.273965230135,35.6032751427111,34.9530366636595,31.6039243632796,34.3023664923889,33.767576579047,34.666887886078,33.1047633358738,33.0086204070554,34.5163562827927,34.2062263556906,34.356154292985,35.999287076016,34.8434579386197,33.6970854150283,32.3023862085564,31.4935656971546,29.4590616260837,28.0243126547746,26.9167953341619,25.3084779484186,24.3791315565146,24.0223129759638,22.9204624110902,21.8018539560613,21.3550164251251,20.9170485206455,20.4768813806274,20.0003946380588,18.0357792604962,19.027639269567,17.316706164947,18.6524103158858,18.2811812489958,-207.143741359567,-148.654406253737,-128.561103572946,-135.252906407867,-102.73002187842,-100.507940902139,-95.5248924847406,-90.9373304443042,-84.2942185032453,-75.7382215333447,-69.1184295530966,-69.7623544252545,-66.3751733779084,-65.9641519932798,-64.7136949958023,-64.9901008167604,-63.7620831642154,-60.90641327453,-60.2537413164326,-56.3500785597153,-59.9324405413246,-57.9940605512023,-59.1738057025792,-56.9234324935666,-56.0605912351981,-55.225808203262,-53.0090780708948,-51.0319832450411,-48.5347976915839,-45.6814199111608,-42.9065464916231,-41.0460911896002,-38.6418029281427,-37.2099304412059,-35.3319767011706,-34.6222099828037,-33.563943143738,-32.3077504646807,-32.042186097173,-31.4189083358946,-30.8993402679964,-30.2386930544791,-29.9120926062818,-29.8965157239404,-29.0546304761572,-25.9922181978624,-28.6186301249854,-24.8825709806982,-28.0567082740952,-27.8379675922744
570,253.842560651486,170.490083492553,125.352451719881,94.3733686851648,80.400390626437,68.0499343170107,58.5332554540647,53.6690011837105,49.3240852605415,45.9530634910341,44.1948234118223,41.5341251451393,40.3074925885273,38.416299971467,37.0890129632137,36.3128842689046,35.2204564534749,34.2353444199876,33.4500452142338,31.7796525415653,31.7477879369935,31.4458217429193,30.7667393447569,29.7860899556246,29.0656908118562,29.1904955979418,28.8777942435911,28.1080678486376,28.9767320258401,28.2889963079488,27.7928783252021,27.6263039774371,27.2793351219448,25.3526531223347,25.5658840371818,24.3871240953412,23.4554928905409,23.0912665316772,22.5000138774034,21.6096171119354,20.5576458265718,20.3316863312951,19.8235837540121,19.4016287558804,19.1405900271027,17.6584070427283,18.0518071038214,16.9505955129901,17.5913902069075,17.3314272828835,-90.1441053527745,-76.6674301426105,-76.880998375911,-91.504559516698,-70.3864288211516,-72.4189993622689,-69.9261713053942,-67.6879167973234,-63.8833774949102,-58.4265787365913,-54.027889836366,-55.0288062862724,-53.4857322196007,-52.8720482544742,-52.2698764711432,-53.3477273769379,-52.3919498317118,-50.9546888899541,-50.5140473545359,-46.4746230082875,-50.860419195994,-49.5760662263701,-50.6167582084417,-48.4505921205854,-47.9118714422677,-47.8852668658808,-46.3691991799661,-44.9805090025402,-44.5086934101752,-42.583215369343,-40.5004048207532,-39.1203288065891,-37.5272203900079,-36.2981342265831,-33.5223642201264,-32.843648346287,-31.850663108064,-30.5855392002651,-30.3554756774406,-29.5192495267649,-28.9718923456472,-28.4796529156268,-28.168760410148,-28.1023308263756,-27.4217630871101,-24.3965377323681,-26.9784481347405,-23.3404110913761,-26.3007010231972,-26.3979455089737
580,280.733082279223,197.918420960758,145.365283880084,100.765185462612,90.215942339993,72.9640099471256,61.7728197665926,56.4624485000657,51.4088592183388,48.0969984359836,46.8827217357518,43.4854933918854,41.7708121085091,40.1225555930633,38.7976171391163,37.1572296685138,36.2854501398163,35.1980443045671,34.3794834251698,34.1049785525905,31.897358451028,31.5378531236193,30.2951499088526,29.7380104497297,28.5899821901623,27.9158222532849,27.3360351724874,26.2787553485913,26.1041203634432,25.017791824658,24.6517452422636,24.1506823938754,23.2600845080638,23.0224165978303,23.179422171438,21.5984667798158,20.5440203284838,20.9965025411362,20.7681796525883,20.2921140481838,19.2513134307987,19.1365323803545,18.7418196926879,18.4046058660205,18.1800069861714,17.3518960889787,17.086255024884,16.6543015964868,16.6736375390867,16.3562556444666,9.22114363903902,-19.5477884812892,-37.3957001424842,-56.1210367945816,-45.8272142872618,-50.055012748456,-49.4608494348632,-48.7926041143193,-46.9320066233169,-44.0090368719265,-41.2260735541098,-42.823371628481,-42.1733160450542,-42.189388258136,-41.8436124006026,-43.5205544291432,-43.0148236337813,-42.4156867306213,-42.2347631101108,-38.5798116171962,-43.0474551269738,-42.1471198106445,-43.0251541736749,-41.1592328410373,-40.6805345894287,-40.6980616851866,-39.5448256523491,-37.8522773816381,-37.8141977802733,-36.4832131812229,-35.1265930446204,-34.6780682000765,-33.5589650103177,-31.5392204686395,-31.2374768039935,-29.9908517498892,-29.9289522114718,-28.9909831640258,-28.5106094958899,-27.626654781513,-26.9982538972017,-26.8022103680601,-26.3827549074013,-26.2499518204386,-25.8193769839987,-22.9089365576644,-25.1810297505858,-21.9007502055163,-24.6111787182105,-24.7377178765215
590,367.729156945092,257.808738196076,183.69624096587,118.769503443862,107.032390455192,83.5229171636661,69.0426306497628,62.5907523404266,56.4286063773205,53.2083733595416,52.3410662461898,47.8692560744209,45.7920310635092,43.4343500527068,42.7513764500785,39.9812092976116,39.0641960130438,37.9192369634259,37.1089678072413,38.231682741178,33.7431713377833,33.3545472885184,31.8127856835965,31.4655701741058,29.9418482775385,28.7156396485714,27.8960945913076,26.9782029455212,25.8108676791585,25.5765084257605,23.1844343863339,23.2837959589245,21.8229889853439,20.720453050607,19.8968288700964,18.9937973305846,18.9129960136269,17.9326920598603,18.3987976261064,18.5733960951419,17.6023297946869,17.2735500915358,17.4799236712884,17.4320105812001,17.1026184398523,17.1047661606048,16.2547002086516,16.4165004805913,16.0184450882776,15.576846552511,81.3686321090722,12.0046758222755,-18.5774740237903,-31.398324142024,-31.3035483644172,-34.0045365340521,-33.6002919521628,-34.6523225335421,-33.7890920981688,-31.8818644148897,-30.5524528724912,-32.3958302014825,-32.104740461158,-32.819649290532,-32.9203256847163,-34.7993540095872,-34.9471972007826,-34.8519473440987,-34.9421258236596,-31.8949053864904,-36.1342302017538,-35.2673970782312,-36.3561102690375,-34.9025714244096,-34.3721664847535,-34.2819144268366,-33.3819533538031,-31.3380846324903,-31.5391592848558,-30.6466807842723,-28.8889660452115,-28.423056756642,-27.4924886408909,-27.5944376668885,-27.9626309633746,-25.005374946,-21.9552528022004,-24.8514454618256,-25.5892666206816,-25.095730447451,-24.1983181000407,-24.3200997236748,-24.0885656175164,-23.9839140678247,-23.6213652279914,-21.5168197317493,-22.765887252637,-20.5521274528757,-22.6125157511769,-22.5001557055711
600,529.795014581101,340.591332393325,225.801025092545,145.652771913114,124.615825521638,96.8368050952535,80.0221028550328,69.9983972310652,62.7331369449321,61.3879524259862,60.687048655004,55.831540498752,53.5830163604551,50.2837915733007,49.9811967538004,45.8462430638801,44.7506168002692,43.1952604210005,42.5944305783345,46.3037799404726,37.9332799366898,38.1789411472657,35.9746790462299,35.4531661015044,33.5348637028756,32.0118218824549,30.6800268135256,30.7897006448713,29.0324678824309,27.866657678158,27.874521769156,26.3007661267572,24.4367711644238,17.7622576755908,20.9086709496942,19.4881168965776,24.3737100680455,20.2149918807199,17.7391063000367,17.377142529763,17.458544692877,17.5368211057122,16.6252329165128,17.0481951686132,16.9551848647572,16.9079510381369,16.9177492330135,16.2281952190633,16.575470301537,15.9432633193429,55.4142912812914,-30.0659873552952,-42.5677837954556,-24.222730696236,-32.0846455144215,-27.940163714733,-24.2914438514865,-24.5222346294753,-23.9219357301396,-23.6053749102111,-23.2478304679246,-24.5334014824931,-23.721943457821,-25.0887467675353,-25.719283298671,-27.8101389314947,-28.6643405725725,-28.3598809861876,-28.8370111483398,-27.2153161632848,-29.9801815861828,-28.6872369816895,-30.5020082412136,-29.4619941317853,-28.6571298348027,-28.3536749928388,-27.7058183980455,-25.4121541881934,-24.2293419248163,-23.3808681166471,-20.0596759202467,-19.3744028702211,-21.9554860962988,-12.7469023212326,-14.8798191906166,-16.8349263650051,-22.0129052118004,-17.5623801063611,-18.0004550855631,-19.3585246670388,-17.7100825868178,-16.9384194284643,-19.5201714283293,-20.5069278795757,-19.973355822982,-20.2096353310994,-19.0394302466251,-19.284833289414,-19.1465421111941,-19.3981688964549
